{
	"stepWise": {
		"stepWiseMemberExtract": {
			"memberdemographic_std_dly":"SELECT uah_memberid,address1, address2, city, state,postalcode,countyfipsdesc,birthdate, namefirst, phone, phoneext, namelast,gender, source_cd, uah_timestamp,run_id, uah_memgroupid, relationshipcode from (SELECT DISTINCT cast(trim(uah_memberid) as bigint) as uah_memberid,TRIM(address1) as address1, TRIM(address2) as address2, TRIM(city) as city, TRIM(state) as state, TRIM(postalcode) as postalcode, TRIM(countyfipsdesc) as countyfipsdesc, cast(TRIM(birthdate) as date)as birthdate, TRIM(namefirst) as namefirst, TRIM(phone) as phone, TRIM(phoneext) as phoneext, TRIM(namelast) as namelast, TRIM(gender) as gender, TRIM(source_cd) as source_cd,  uah_timestamp as uah_timestamp, run_id as run_id, cast(TRIM(uah_memgroupid) as bigint) as uah_memgroupid, TRIM(relationshipcode) as relationshipcode,Row_Number() OVER (PARTITION BY uah_memberid, source_cd ORDER BY uah_timestamp,run_id  DESC ) AS RANK FROM MERGEDBDLY.memberdemographic_std  WHERE source_cd = 'CRS' and  trim(record_status)='active' and  logicaldeleteind='0' and  cast(FROM_UNIXTIME(UNIX_TIMESTAMP(),'yyyy-MM-dd') as date) >= to_date(from_unixtime(unix_timestamp(CAST(memberaddresseffectivedate AS STRING), 'yyyy-MM-dd'), 'yyyy-MM-dd HH:mm:ss')) and  cast(FROM_UNIXTIME(UNIX_TIMESTAMP(), 'yyyy-MM-dd') as date) <= to_date(from_unixtime(unix_timestamp(CAST(memberaddressexpirationdate AS STRING), 'yyyy-MM-dd'), 'yyyy-MM-dd HH:mm:ss'))) p where p.RANK = 1",			
			"memberdemographic_std_mth":"SELECT uah_memberid,address1, address2, city, state,postalcode,countyfipsdesc,birthdate, namefirst, phone, phoneext, namelast,gender, source_cd, uah_timestamp,run_id, uah_memgroupid, relationshipcode from (SELECT DISTINCT cast(trim(uah_memberid) as bigint) as uah_memberid,TRIM(address1) as address1, TRIM(address2) as address2, TRIM(city) as city, TRIM(state) as state, TRIM(postalcode) as postalcode, TRIM(countyfipsdesc) as countyfipsdesc, cast(TRIM(birthdate) as date)as birthdate, TRIM(namefirst) as namefirst, TRIM(phone) as phone, TRIM(phoneext) as phoneext, TRIM(namelast) as namelast, TRIM(gender) as gender, TRIM(source_cd) as source_cd,  uah_timestamp as uah_timestamp, run_id as run_id, cast(TRIM(uah_memgroupid) as bigint) as uah_memgroupid, TRIM(relationshipcode) as relationshipcode,Row_Number() OVER (PARTITION BY uah_memberid, source_cd ORDER BY uah_timestamp,run_id  DESC ) AS RANK FROM MERGEDBMTH.memberdemographic_std  WHERE source_cd = 'CRS' and  trim(record_status)='active' and  logicaldeleteind='0' and  cast(FROM_UNIXTIME(UNIX_TIMESTAMP(),'yyyy-MM-dd') as date) >= to_date(from_unixtime(unix_timestamp(CAST(memberaddresseffectivedate AS STRING), 'yyyy-MM-dd'), 'yyyy-MM-dd HH:mm:ss')) and  cast(FROM_UNIXTIME(UNIX_TIMESTAMP(), 'yyyy-MM-dd') as date) <= to_date(from_unixtime(unix_timestamp(CAST(memberaddressexpirationdate AS STRING), 'yyyy-MM-dd'), 'yyyy-MM-dd HH:mm:ss'))) t where t.RANK = 1",
			"memgroupinsuringrule_view":"SELECT DISTINCT CASE WHEN memgroupinsuringrule_view.insuranceContinuationType='01' THEN 'Y' ELSE 'N' END as uah_cobra_indicator ,source_memgroupid,TRIM(source_cd) as source_cd from MERGEDB.memgroupinsuringrule_view WHERE source_cd = 'CRS'",
			"memgroupcontractplanoptionview_std":"SELECT distinct cast(memGroupContractPlanOptionID as bigint) as memgroupcontractplanoptionid, cast(memgroupcontractoptid as bigint) as memgroupcontractoptid ,cast(uah_memgroupid as bigint) as uah_memgroupid FROM MERGEDB.memGroupContractPlanOptionView_std WHERE  source_cd = 'CRS' and memgroupcontractoptdeleteind = 0 and memgroupcontractplanoptiondeleteind = 0",
			"memgroupid_std":"select distinct cast(uah_memgroupid as bigint) as uah_memgroupid from MERGEDB.memgroupid_std WHERE originalSourceSystemType = 'PUL' and source_cd = 'CRS' ",
			"memgroupaddress_std":"select distinct memgroupname,industryclasscode, address1, address2, city, state, postalcode, phonenum, phoneext, organizationtype, organizationtypedesc, cast(uah_memgroupid as bigint) as uah_memgroupid from MERGEDB.memgroupaddress_std  WHERE source_cd = 'CRS'",
			"memgroupcontractview_std":"select distinct cast(uah_memgroupcontractgcid as bigint) as uah_memgroupcontractgcid,uah_memgroupgid, cast(TRIM(originalcontractdate) as date) as originalcontractdate from MERGEDB.memgroupcontractview_std  WHERE source_cd = 'CRS'",
			"memgroupreportingcode_view":"select distinct reportingcodetype,source_memgroupid from  MERGEDB.memGroupReportingCode_view  WHERE source_cd = 'CRS'",
			"reference_view":"select referencedesc,referencecode from MERGEDB.reference_view where referencename = 'reportingCodeType'  and source_cd = 'CRS'",
			"memgroupcontractgovtreportview_std":"select distinct case when trim(govtreporttype) ='01' THEN 'Y' ELSE 'N' END as uah_acr_indicator,source_memgroupid from MERGEDB.memgroupcontractgovtreportview_std where deleteind=0 and source_cd = 'CRS' and FROM_UNIXTIME(UNIX_TIMESTAMP(), 'yyyy-MM-dd') < from_unixtime(unix_timestamp(expirationdate, 'yyyy-MM-dd'))",			
			"memberbenefit_std_dly":"select uah_memberid,subscriberid, benplanexpdate, benplaneffdate, uah_memgroupid,memgroupcontractid,memgroupcontractplanoptionid  from (select distinct cast(trim(uah_memberid) as bigint) as uah_memberid,subscriberid,cast(benplanexpdate as date) as benplanexpdate,cast(benplaneffdate as date) as benplaneffdate,cast(uah_memgroupid as bigint) as uah_memgroupid,memgroupcontractid,memgroupcontractplanoptionid,Row_Number() OVER (PARTITION BY uah_memberid, source_cd ORDER BY uah_timestamp,run_id  DESC ) AS RANK  from MERGEDBDLY.memberbenefit_std where deleteind=0  and source_cd = 'CRS')t where t.RANK = 1",
			"memberbenefit_std_mth":"select uah_memberid,subscriberid, benplanexpdate, benplaneffdate, uah_memgroupid,memgroupcontractid,memgroupcontractplanoptionid  from (select distinct cast(trim(uah_memberid) as bigint) as uah_memberid,subscriberid,cast(benplanexpdate as date) as benplanexpdate,cast(benplaneffdate as date) as benplaneffdate,cast(uah_memgroupid as bigint) as uah_memgroupid,memgroupcontractid,memgroupcontractplanoptionid,Row_Number() OVER (PARTITION BY uah_memberid, source_cd ORDER BY uah_timestamp,run_id  DESC ) AS RANK  from MERGEDBMTH.memberbenefit_std where deleteind=0  and source_cd = 'CRS')t where t.RANK = 1",			
			"membercobverification_std_dly":" select uah_memberid, payerresponsibilityseqcode from (select distinct cast(trim(uah_memberid) as bigint) as uah_memberid, TRIM( CASE WHEN payerresponsibilityseqcode = 'P' then 'Y' ELSE 'N' END ) as payerresponsibilityseqcode,Row_Number() OVER (PARTITION BY uah_memberid, source_cd ORDER BY uah_timestamp,run_id  DESC ) AS RANK   from MERGEDBDLY.membercobverification_std memcob   where memcob.cobCoverageType = '2'    and (memcob.govtbenefittype = 'Medicare'       OR memcob.govtbenefittype ='MedicareA'       OR memcob.govtbenefittype ='MedicareAB'       OR memcob.govtbenefittype ='MedicareB'       OR memcob.govtbenefittype ='MedicareC'       OR memcob.govtbenefittype ='MedicareD') and  source_cd = 'CRS') t where t.RANK = 1",			
			"membercobverification_std_mth":"select uah_memberid, payerresponsibilityseqcode from (select distinct cast(trim(uah_memberid) as bigint) as uah_memberid, TRIM( CASE WHEN payerresponsibilityseqcode = 'P' then 'Y' ELSE 'N' END ) as payerresponsibilityseqcode,Row_Number() OVER (PARTITION BY uah_memberid, source_cd ORDER BY uah_timestamp,run_id  DESC ) AS RANK   from MERGEDBMTH.membercobverification_std memcob   where memcob.cobCoverageType = '2'    and (memcob.govtbenefittype = 'Medicare'       OR memcob.govtbenefittype ='MedicareA'       OR memcob.govtbenefittype ='MedicareAB'       OR memcob.govtbenefittype ='MedicareB'       OR memcob.govtbenefittype ='MedicareC'       OR memcob.govtbenefittype ='MedicareD') and  source_cd = 'CRS') t where t.RANK = 1",			
			"memberBenefitCovLevelCode_std":"select distinct covlevelcode,subscriberid from MERGEDB.memberBenefitCovLevelCode_std  WHERE source_cd = 'CRS'",
			"memgroupsettings_std": "SELECT DISTINCT TRIM(sizedefinitiontype) as sizedefinitiontype, uah_memgroupid from MERGEDB.memgroupsettings_std WHERE source_cd = 'CRS'",
			"zipcode_view": "Select distinct trim(a.countyname) as countyname,trim(b.source_memgroupid) as source_memgroupid from MERGEDB.zipcode_view a join  MERGEDB.memgroupaddress_std b on a.zip = b.postalcode",
			"relationshipcode_reference_view_dly":"select referencecode as relationshipcode , referencedesc as relationshipcode_desc from MERGEDB.reference_view where referencename = 'relationshipCode'",			
			"relationshipcode_reference_view_mth":"select referencecode as relationshipcode , referencedesc as relationshipcode_desc from MERGEDBMTH.reference_view where referencename = 'relationshipCode'",
			"covLevelCode_reference_view":"select industry_code as covlevelcode,uah_code_short_descr as covlevelcode_desc from MERGEDB.crossref where key like '%covLevel%'",
			"industryclasscodetype_reference_view":"select referencecode as industryclasscode,referencedesc  as industryclasscode_desc from MERGEDB.reference_view where referencename = 'industryClassCodeType' and source_cd = 'CRS'",
			"sizeDefinitionType_reference_view":"select referencecode as sizedefinitiontype,referencedesc  as sizedefinitiontype_desc from MERGEDB.reference_view where referencename = 'sizeDefinitionType' and source_cd = 'CRS'",
			"organizationType_reference_view":"select referencecode as organizationtype,referencedesc  as organizationtype_desc from MERGEDB.reference_view where referencename = 'organizationType' and source_cd = 'CRS'",			
			"carrierlobplanview_std_dly":"select distinct trim(lobname) as lobname,trim(carrierlobplanid) as carrierlobplanid from MERGEDBDLY.carrierlobplanview_std WHERE source_cd = 'CRS'",
			"carrierlobplanview_std_mth":"select distinct trim(lobname) as lobname,trim(carrierlobplanid) as carrierlobplanid from MERGEDBMTH.carrierlobplanview_std WHERE source_cd = 'CRS'",
			"memgroupcontractplanoptionvw_std_dly":"select distinct cast(trim(uah_memgroupid) as bigint) as uah_memgroupid,cast(trim(benefitbundleoptionid) as bigint) as benefitbundleoptionid,cast(trim(memgroupcontractplanoptionid) as bigint) as memgroupcontractplanoptionid,cast(memgroupcontractoptid as bigint) as memgroupcontractoptid, cast(trim(benefitbundleid) as bigint) as benefitbundleid,source_cd from MERGEDBDLY.memgroupcontractplanoptionvw_std where source_cd='CRS'",
			"memgroupcontractplanoptionvw_std_mth":"select distinct cast(trim(uah_memgroupid) as bigint) as uah_memgroupid,cast(trim(benefitbundleoptionid) as bigint) as benefitbundleoptionid,cast(trim(memgroupcontractplanoptionid) as bigint) as memgroupcontractplanoptionid,cast(trim(benefitbundleid) as bigint) as benefitbundleid,source_cd from MERGEDBMTH.memgroupcontractplanoptionvw_std where source_cd='CRS'",
			"beneplansettings_std_dly":"select distinct trim(plantype),trim(planname) as planname,trim(planid) planid,upper(trim(benefittype)) as benefittype from MERGEDBDLY.beneplansettings_std where source_cd='CRS'",
			"beneplansettings_std_mth":"select distinct trim(plantype),trim(planname) as planname,trim(planid) planid,upper(trim(benefittype)) as benefittype from MERGEDBMTH.beneplansettings_std where source_cd='CRS'",
			"memgroupctrctplnoptnetwklistvw_std_dly":"select distinct trim(networkscheduleid) as networkscheduleid, cast(trim(memgroupcontractplanoptionid) as bigint) as memgroupcontractplanoptionid  from MERGEDBDLY.memgroupctrctplnoptnetwklistvw_std where source_cd='CRS'",
			"memgroupctrctplnoptnetwklistvw_std_mth":"select distinct trim(networkscheduleid) as networkscheduleid, cast(trim(memgroupcontractplanoptionid) as bigint) as memgroupcontractplanoptionid  from MERGEDBMTH.memgroupctrctplnoptnetwklistvw_std where source_cd='CRS'",
			"memgroupcontractgovtreportview_std_mth":"select uah_acr_indicator,source_memgroupid from (select distinct case when trim(govtreporttype) ='01' THEN 'Y' ELSE 'N' END as uah_acr_indicator,source_memgroupid,Row_Number() OVER (PARTITION BY source_memgroupid, source_cd ORDER BY uah_timestamp,run_id  DESC) AS RANK from MERGEDBMTH.memgroupcontractgovtreportview_std where deleteind=0 and source_cd = 'CRS' and FROM_UNIXTIME(UNIX_TIMESTAMP(), 'yyyy-MM-dd') < from_unixtime(unix_timestamp(expirationdate, 'yyyy-MM-dd')))t where t.RANK = 1",
			"memgroupcontractgovtreportview_std_dly":"select uah_acr_indicator,source_memgroupid from (select distinct case when trim(govtreporttype) ='01' THEN 'Y' ELSE 'N' END as uah_acr_indicator,source_memgroupid,Row_Number() OVER (PARTITION BY source_memgroupid, source_cd ORDER BY uah_timestamp,run_id  DESC) AS RANK from MERGEDBDLY.memgroupcontractgovtreportview_std where deleteind=0 and source_cd = 'CRS' and FROM_UNIXTIME(UNIX_TIMESTAMP(), 'yyyy-MM-dd') < from_unixtime(unix_timestamp(expirationdate, 'yyyy-MM-dd')))t where t.RANK = 1",
			"memgroupinsuringrule_view_dly":"select uah_cobra_indicator,source_memgroupid from (select distinct CASE WHEN memgroupinsuringrule_view.insuranceContinuationType='01' THEN 'Y' ELSE 'N' END as uah_cobra_indicator ,source_memgroupid,TRIM(source_cd) as source_cd,Row_Number() OVER (PARTITION BY source_memgroupid, source_cd ORDER BY uah_timestamp,run_id  DESC) AS RANK from MERGEDBDLY.memgroupinsuringrule_view WHERE source_cd = 'CRS' and deleteind=0)t where t.RANK = 1",
			"memgroupinsuringrule_view_mth":"select uah_cobra_indicator,source_memgroupid from (select distinct CASE WHEN memgroupinsuringrule_view.insuranceContinuationType='01' THEN 'Y' ELSE 'N' END as uah_cobra_indicator ,source_memgroupid,TRIM(source_cd) as source_cd,Row_Number() OVER (PARTITION BY source_memgroupid, source_cd ORDER BY uah_timestamp,run_id  DESC) AS RANK from MERGEDBMTH.memgroupinsuringrule_view WHERE source_cd = 'CRS' and deleteind=0)t where t.RANK = 1",
			"benefitbundleriderplan_std_dly":"select distinct cast(trim(benefitbundleoptionid) as bigint) as benefitbundleoptionid,trim(participationtype) as participationtype,trim(planid) as planid from MERGEDBDLY.benefitbundleriderplan_std where source_cd='CRS'",
			"benefitbundleriderplan_std_mth":"select distinct cast(trim(benefitbundleoptionid) as bigint) as benefitbundleoptionid,trim(participationtype) as participationtype,trim(planid) as planid from MERGEDBMTH.benefitbundleriderplan_std where source_cd='CRS'",
			"benefitbundleplan_std_dly":"select distinct cast(trim(benefitbundleoptionid) as bigint) as benefitbundleoptionid,trim(carrierlobplanid) as carrierlobplanid,trim(planid) as planid from MERGEDBDLY.benefitbundleplan_std where source_cd='CRS'",			
			"benefitbundleplan_std_mth":"select distinct cast(trim(benefitbundleoptionid) as bigint) as benefitbundleoptionid,trim(carrierlobplanid) as carrierlobplanid,trim(planid) as planid from MERGEDBMTH.benefitbundleplan_std where source_cd='CRS'",
			"memgroupaddress_std_dly":"select memgroupname,industryclasscode, address1, address2, city, state, postalcode, phonenum, phoneext, organizationtype, organizationtypedesc, uah_memgroupid from (select distinct memgroupname,industryclasscode, address1, address2, city, state, postalcode, phonenum, phoneext, organizationtype, organizationtypedesc, cast(uah_memgroupid as bigint) as uah_memgroupid,Row_Number() OVER (PARTITION BY uah_memgroupid, source_cd ORDER BY uah_timestamp,run_id  DESC) AS RANK from MERGEDBDLY.memgroupaddress_std  WHERE deleteind=0 and source_cd = 'CRS')t where t.RANK = 1",
			"memgroupaddress_std_mth":"select memgroupname,industryclasscode, address1, address2, city, state, postalcode, phonenum, phoneext, organizationtype, organizationtypedesc, uah_memgroupid from (select distinct memgroupname,industryclasscode, address1, address2, city, state, postalcode, phonenum, phoneext, organizationtype, organizationtypedesc, cast(uah_memgroupid as bigint) as uah_memgroupid,Row_Number() OVER (PARTITION BY uah_memgroupid, source_cd ORDER BY uah_timestamp,run_id  DESC) AS RANK from MERGEDBMTH.memgroupaddress_std  WHERE deleteind=0 and source_cd = 'CRS')t where t.RANK = 1",
			"zipcode_view_dly": "select distinct trim(countyname) as countyname,zip from MERGEDBDLY.zipcode_view",
			"zipcode_view_mth": "select distinct trim(countyname) as countyname,zip from MERGEDBMTH.zipcode_view",
			"memgroupcontractview_std_dly":"select uah_memgroupcontractgcid,uah_memgroupgid,originalcontractdate from(select distinct cast(uah_memgroupcontractgcid as bigint) as uah_memgroupcontractgcid,uah_memgroupgid, cast(TRIM(originalcontractdate) as date) as originalcontractdate,Row_Number() OVER (PARTITION BY source_memgroupid,source_cd ORDER BY uah_timestamp,run_id  DESC) AS RANK from MERGEDBDLY.memgroupcontractview_std  WHERE source_cd = 'CRS')t where t.RANK = 1",
			"memgroupcontractview_std_mth":"select uah_memgroupcontractgcid,uah_memgroupgid,originalcontractdate from(select distinct cast(uah_memgroupcontractgcid as bigint) as uah_memgroupcontractgcid,uah_memgroupgid, cast(TRIM(originalcontractdate) as date) as originalcontractdate,Row_Number() OVER (PARTITION BY source_memgroupid,source_cd ORDER BY uah_timestamp,run_id  DESC) AS RANK from MERGEDBMTH.memgroupcontractview_std  WHERE source_cd = 'CRS')t where t.RANK = 1",
			"memgrouplevelcount":"select count(a.subscriberid) as uah_ems_memgrplevel, a.uah_memgroupid from MERGEDB.memberbenefit_std a join MERGEDB.memgroupid_std b on a.uah_memgroupid = b.uah_memgroupid and a.source_cd='CRS' and b.source_cd='CRS' group by a.uah_memgroupid",
			"contractlevelcount":"select count(a.subscriberid) as uah_ems_contractlevel, a.uah_memgroupid from MERGEDB.memberbenefit_std a join MERGEDB.memgroupcontractplanoptionview_std b on a.memGroupContractPlanOptionID = b.memGroupContractPlanOptionID and a.source_cd='CRS' and b.source_cd='CRS' group by a.uah_memgroupid",		
			"memgroupreportingcode_view_dly":"select reportingcodetype,source_memgroupid from (select distinct reportingcodetype,source_memgroupid,Row_Number() OVER (PARTITION BY source_memgroupid,source_cd ORDER BY uah_timestamp,run_id  DESC) AS RANK from MERGEDBDLY.memgroupreportingcode_view  WHERE deleteind=0 and source_cd = 'CRS')t where t.RANK = 1",
			"memgroupreportingcode_view_mth":"select reportingcodetype,source_memgroupid from (select distinct reportingcodetype,source_memgroupid,Row_Number() OVER (PARTITION BY source_memgroupid,source_cd ORDER BY uah_timestamp,run_id  DESC) AS RANK from MERGEDBMTH.memgroupreportingcode_view  WHERE deleteind=0 and source_cd = 'CRS')t where t.RANK = 1",
			"memgroupsettings_std_dly": "select sizedefinitiontype,uah_memgroupid from (select distinct TRIM(sizedefinitiontype) as sizedefinitiontype, uah_memgroupid,Row_Number() OVER (PARTITION BY source_memgroupid, source_cd ORDER BY uah_timestamp,run_id  DESC) AS RANK from MERGEDBDLY.memgroupsettings_std WHERE deleteind=0 and source_cd = 'CRS')t where t.RANK = 1",
			"memgroupsettings_std_mth": "select sizedefinitiontype,uah_memgroupid from (select distinct TRIM(sizedefinitiontype) as sizedefinitiontype, uah_memgroupid,Row_Number() OVER (PARTITION BY source_memgroupid, source_cd ORDER BY uah_timestamp,run_id  DESC) AS RANK from MERGEDBMTH.memgroupsettings_std WHERE deleteind=0 and source_cd = 'CRS')t where t.RANK = 1",
			"memgroupid_std_mth":"select uah_memgroupid from (select distinct cast(uah_memgroupid as bigint) as uah_memgroupid, Row_Number() OVER (PARTITION BY uah_memgroupid,source_cd ORDER BY uah_timestamp,run_id  DESC) AS RANK from MERGEDBMTH.memgroupid_std WHERE originalSourceSystemType = 'PUL' and deleteind=0 and source_cd = 'CRS')t where t.RANK = 1",
			"memgroupid_std_dly":"select uah_memgroupid from (select distinct cast(uah_memgroupid as bigint) as uah_memgroupid, Row_Number() OVER (PARTITION BY uah_memgroupid,source_cd ORDER BY uah_timestamp,run_id  DESC) AS RANK from MERGEDBDLY.memgroupid_std WHERE originalSourceSystemType = 'PUL' and deleteind=0 and source_cd = 'CRS')t where t.RANK = 1"
			}
	}
}
