{
  "lab_claims":
  {
    "aggregateLayer":
    {
      "encounters_lab_claims": "SELECT DISTINCT t1.claimid,t1.claimlinenum,t1.dateofservicefrom,t1.serviceunits,t1.billedamt,t1.modifier1,t1.modifier2,t1.modifier3,t1.modifier4,t1.source_cd,t2.allowedamt,t2.copayreductamt,t3.providerid,t4.adjustmentamt,t5.dateofservicestart,t5.memberid,t5.poscode,t6.umauthid,t7.icd_code_1,t7.icd_code_2,t7.icd_code_3,t7.icd_code_4,t7.icd_code_5,t7.icd_code_6,t7.icd_code_7,t7.icd_code_8,t7.diagcodetypedesc,t8.adjustmentreasoncode_1,t8.adjustmentreasoncode_2,t8.adjustmentreasoncode_3,t8.adjustmentreasoncode_4,t8.adjustmentreasoncode_5,t9.vendorid,t10.organizationname,t11.procedurecode,t12.providertin FROM clmlineprof t1 JOIN (SELECT a.*,b.claimid,b.claimlinenum FROM clmdeny a JOIN clmlineadjud b ON TRIM(a.claimlineadjudicationid) = TRIM(b.claimlineadjudicationid)) t8 ON (TRIM(t8.claimid) = TRIM(t1.claimid) AND TRIM(t1.claimlinenum) = TRIM(t8.claimlinenum)) LEFT OUTER JOIN clabenefit t2 ON (TRIM(t1.claimid) = TRIM(t2.claclaimid) AND TRIM(t1.claimlinenum) = TRIM(t2.cbclaimlinenum)) LEFT OUTER JOIN clmprovaddr t3 ON (TRIM(t1.claimid) = TRIM(t3.cpclaimid) AND TRIM(t1.claimlinenum) = TRIM(t3.cpclaimlinenum)) LEFT OUTER JOIN clmcobadjust t4 ON (TRIM(t1.claimid) = TRIM(t4.claimcobadjustmentclaimid) AND TRIM(t1.claimlinenum) = TRIM(t4.claimlinenum)) LEFT OUTER JOIN clmheader t5 ON TRIM(t1.claimid) = TRIM(t5.chclaimid) LEFT OUTER JOIN (SELECT a.umauthid,b.chclaimid FROM umauthview a JOIN clmheader b ON TRIM(a.memberid) = TRIM(b.memberid)) t6 ON TRIM(t1.claimid) = TRIM(t6.chclaimid) LEFT OUTER JOIN clmdiag t7 ON TRIM(t7.claimid) = TRIM(t1.claimid) LEFT OUTER JOIN clmprcngoutputdtlview t9 ON TRIM(t9.cpohclaimid) = TRIM(t1.claimid) AND TRIM(t1.claimlinenum) = TRIM(t9.claimlinenum) LEFT OUTER JOIN vendorview t10 ON TRIM(t10.vendorid) = TRIM(t9.vendorid) LEFT OUTER JOIN (SELECT * FROM clmlineprof WHERE TRIM(proccodetype) = '2') t11 ON (TRIM(t1.claimid) = TRIM(t11.claimid) AND TRIM(t1.claimlinenum) = TRIM(t11.claimlinenum)) LEFT OUTER JOIN (SELECT * FROM clmprovaddr WHERE TRIM(referenceidqual) = 'EI' AND TRIM(entityidcode) = '85') t12 ON (TRIM(t1.claimid) = TRIM(t12.cpclaimid) AND TRIM(t1.claimlinenum) = TRIM(t12.cpclaimlinenum))",
      "clabenefit_std_cir": "SELECT DISTINCT claclaimid,allowedamt,copayreductamt,cbclaimlinenum FROM MERGEDB.clabenefit_std",
      "claimcobadjustment_std_cir": "SELECT DISTINCT adjustmentreasoncode,adjustmentamt,claimcobadjustmentclaimid,claimlinenum FROM MERGEDB.claimcobadjustment_std",
      "claimdiagnosisview_std_cir": "SELECT DISTINCT diagnosiscode,claimid,diagcodetypedesc,CAST(diagseqnum as int) as diagseqnum,run_id,uah_timestamp,claimdiagnosischangedatetime FROM MERGEDB.claimdiagnosisview_std",
      "claimheader_std_cir": "SELECT DISTINCT dateofservicestart,memberid,poscode,chclaimid FROM MERGEDB.claimheader_std",
      "claimlineprof_std_cir": "SELECT DISTINCT claimid,dateofservicefrom,serviceunits,billedamt,modifier1,modifier2,modifier3,CAST(null as string) as modifier4,claimlinenum,source_cd,proccodetype,procedurecode FROM MERGEDB.claimlineprof_std",
      "claimprovideraddress_std_cir": "SELECT DISTINCT uah_providerid as providerid,namefirst,namemiddle,namelast,organizationname,cpclaimid,cpclaimlinenum,providertin,referenceidqual,entityidcode FROM MERGEDB.claimprovideraddress_std",
      "umauthview_std_cir": "SELECT DISTINCT umauthid,memberid FROM MERGEDB.umauthview_std",
      "cladeny_std_cir": "SELECT DISTINCT adjustmentreasoncode,claimlineadjudicationid,denyreasoncode FROM MERGEDB.cladeny_std WHERE TRIM(denyreasoncode) = 'CAD255'",
      "claimlineadjudication_std_cir": "SELECT DISTINCT claimlineadjudicationid,claimid,claimlinenum FROM MERGEDB.claimlineadjudication_std",
      "claimpricingoutputdetailview_std_cir": "SELECT DISTINCT vendorid,claimlinenum,cpohclaimid FROM MERGEDB.claimpricingoutputdetailview_std",
      "vendor_view_cir": "SELECT DISTINCT vendorid,organizationname,run_id,uah_timestamp,changedatetime FROM MERGEDB.vendor_view",
      "apgenerationresponseview_std_cir": "SELECT DISTINCT aptransactionid,paymentdate,paymentamt,payacctdate,run_id,uah_timestamp,apgrchangedatetime FROM MERGEDB.apgenerationresponseview_std",
      "artransactiondetailview_std_cir": "SELECT DISTINCT checkdate,checknum,claimid FROM MERGEDB.artransactiondetailview_std",
      "claaccountview_std_cir": "SELECT DISTINCT clanetpayamt,claimid,claimlinenum FROM MERGEDB.claaccountview_std",
      "aptransactiondetailview_std_cir": "SELECT DISTINCT ataptransactionid,claimid,run_id,uah_timestamp,atdchangedatetime FROM MERGEDB.aptransactiondetailview_std"

    }
  }
}


