{
  "benefit": {
    "aggregateLayer": {
      "beneplansettings_std_and_parent_child_group_level": "select distinct cast(p.source_memgroupcontractgcid as varchar(7)) as source_memgroupcontractgcid,cast(p.uah_memgroupcontractgcid as varchar(7)) as uah_memgroupcontractid, cast(memgroupid.source_memgroupid as varchar(7)) as source_memgroupid, cast(memgroupid.uah_memgroupid as varchar(7)) as uah_memgroupid,cast(c.memgroupcontractplanoptionid as varchar(7)) as uah_memgroupcontractplanoptionid, cast(c.memgroupcontractoptid as varchar(7)) as uah_memgroupcontractoptid, bpset.benefitplanversionid, cast(trim(bpset.benplaneffdate) as Date) as benplaneffdate, cast(trim(bpset.benplanexpdate) as Date) as benplanexpdate,c.source_cd from memgroupcontractplanoptextview_std c join memgroupid_std memgroupid on c.source_memgroupid  = memgroupid.source_memgroupid join memgroupcontractview_std p on p.source_memgroupgid  = memgroupid.source_memgroupid join memgroupcontractplanoptionview_std mgcpo  on mgcpo.memgroupcontractplanoptionid = c.memgroupcontractplanoptionid and mgcpo.memgroupcontractoptid = c.memgroupcontractoptid and mgcpo.memgroupcontractid = c.memgroupcontractid and mgcpo.source_memgroupid = c.source_memgroupid  join   benefitbundleplan_std bbp on bbp.benefitbundleid = mgcpo.benefitbundleid  join  benefitbundleplanproduct_std bbpprod on bbp.benefitbundleplanid = bbpprod.benefitbundleplanid join  beneplansettings_std bpset on bpset.benefitplanversionid = bbpprod.benefitplanversionid where c.originalsourcesystemtype = 'PUL' and memgroupid.originalsourcesystemtype = 'PUL' and mgcpo.source_memgroupid in ('1048476','1058476')",
      "eligibles_familyunitscheduleid_omdepage_mamplan_parstatustype_parstatustypedesc": "select distinct bpset.benefitplanversionid, cast(mgec.employeecount as int) as employeecount, bsched.familyunitscheduleid, cast(mgcoins.overridemaxmilitarydepage as int) as overridemaxmilitarydepage,cast(mgcoins.overridemaxstudentage as int) as overridemaxstudentage, cast(mb.benefitbundleoptionid as varchar(9)) as benefitbundleoptionid,cast(btier.parstatustype as char(1)) as parstatustype, ref.referencedesc as referencedesc,mgc.source_memgroupcontractgcid, mgec.source_memgroupid from memgroupemployeecount_view  mgec join memgroupcontractview_std mgc on mgec.source_memgroupid = mgc.source_memgroupgid join memgroupcontractplanoptionview_std  mgcpo on mgcpo.memgroupcontractid = mgc.source_memgroupcontractgcid and mgcpo.source_memgroupid = mgc.source_memgroupgid join memberbenefit_std mb on mgcpo.memgroupcontractplanoptionid= mb.memgroupcontractplanoptionid and mgcpo.memgroupcontractoptid =  mb.memgroupcontractoptid join memgroupcontractplanyrbillrt_view mgcpbil on mgcpbil.memgroupcontractid = mgc.source_memgroupcontractgcid and mgcpo.memgroupcontractplanoptionid= mgcpbil.memgroupcontractplanoptionid join billingsched_view bsched on bsched.billingschedid = mgcpbil.billingschedid join memgroupcontractoptinsruleview_std mgcoins on mgcpo.memgroupcontractid = mgcoins.memgroupcontractid and mgcpo.source_memgroupid =  mgcoins.source_memgroupid  join benefitbundleplan_std bbp on bbp.benefitbundleid = mgcpo.benefitbundleid join benefitbundleplanproduct_std bbpprod on bbp.benefitbundleplanid=bbpprod.benefitbundleplanid join beneplansettings_std bpset on bpset.benefitplanversionid = bbpprod.benefitplanversionid join benetier_view btier on bpset.benefitplanversionid = btier.benefitplanversionid join reference_view ref on btier.parstatustype = ref.referencecode and ref.referencename='parStatusType' and mgec.employeecounttype = '10' and mgcpo.source_memgroupid in ('1048476','1058476')",
      "planid": "select distinct mb.planid as planid,bpset.benefitplanversionid,mb.source_memgroupid, cast(mgcpo.memgroupcontractid as bigint) as  memgroupcontractid from memberbenefit_std mb join memgroupcontractplanoptionview_std  mgcpo on mgcpo.memgroupcontractplanoptionid = mb.memgroupcontractplanoptionid and mgcpo.source_memgroupid =  mb.source_memgroupid and mb.planid!=mb.controlplanid join benefitbundleplan_std bbp on bbp.benefitbundleid = mgcpo.benefitbundleid join  benefitbundleplanproduct_std bbpprod on bbp.benefitbundleplanid = bbpprod.benefitbundleplanid join  beneplansettings_std bpset on bpset.benefitplanversionid = bbpprod.benefitplanversionid and mgcpo.source_memgroupid in ('1048476','1058476')",
      "dedgoalamt": "select distinct cast(accumded.dedgoalamt as decimal(10,2)) as dedgoalamt,bpset.benefitplanversionid, mb.source_memgroupid, mgcpo.memgroupcontractid from accumdeductindivplanview_std accumded join  memberbenefit_std mb on accumded.memberbenefitid=mb.memberbenefitid join memgroupcontractplanoptionview_std  mgcpo on mgcpo.memgroupcontractplanoptionid = mb.memgroupcontractplanoptionid and mgcpo.source_memgroupid =  mb.source_memgroupid  join benefitbundleplan_std bbp on bbp.benefitbundleid = mgcpo.benefitbundleid join  benefitbundleplanproduct_std bbpprod on bbp.benefitbundleplanid = bbpprod.benefitbundleplanid join  beneplansettings_std bpset on bpset.benefitplanversionid = bbpprod.benefitplanversionid and mgcpo.source_memgroupid in ('1048476','1058476')",
      "copayment_office": "select bpset.benefitplanversionid, mgcpo.memgroupcontractid, mgcpo.source_memgroupid, cast(bcadj.copayment as decimal(7,2)) as copayofficecostshareamt from memgroupcontractview_std mgc join memgroupcontractplanoptionview_std  mgcpo on  mgcpo.memgroupcontractid = mgc.source_memgroupcontractgcid and mgcpo.source_memgroupid = mgc.source_memgroupgid join benefitbundleplan_std bbp on bbp.benefitbundleid = mgcpo.benefitbundleid join  benefitbundleplanproduct_std bbpprod on bbp.benefitbundleplanid = bbpprod.benefitbundleplanid join  beneplansettings_std bpset on bpset.benefitplanversionid = bbpprod.benefitplanversionid join  benecodeadj_std  bcadj on bcadj.benefitplanversionid  =  bpset.benefitplanversionid  join benecodeservicetypecode_view  bcstc on bcadj.benefitplanversionid  =  bcstc.benefitplanversionid and bcadj.benefitcode = bcstc.benefitcode and bcadj.tiernumber = bcstc.tiernumber and bcadj.codelevel = bcstc.codelevel and bcadj.version = bcstc.version where bcstc.servicetypecode = '98' and mgcpo.source_memgroupid in ('1048476','1058476')",
      "copayment_specialist": "select bpset.benefitplanversionid, mgcpo.memgroupcontractid, mgcpo.source_memgroupid, cast(bcadj.copayment as decimal(7,2)) as copayspecialistcostshareamt from memgroupcontractview_std mgc join memgroupcontractplanoptionview_std  mgcpo on  mgcpo.memgroupcontractid = mgc.source_memgroupcontractgcid and mgcpo.source_memgroupid = mgc.source_memgroupgid join benefitbundleplan_std bbp on bbp.benefitbundleid = mgcpo.benefitbundleid join  benefitbundleplanproduct_std bbpprod on bbp.benefitbundleplanid = bbpprod.benefitbundleplanid join  beneplansettings_std bpset on bpset.benefitplanversionid = bbpprod.benefitplanversionid join  benecodeadj_std  bcadj on bcadj.benefitplanversionid  =  bpset.benefitplanversionid join benecodeservicetypecode_view  bcstc on bcadj.benefitplanversionid  =  bcstc.benefitplanversionid and bcadj.benefitcode = bcstc.benefitcode and bcadj.tiernumber = bcstc.tiernumber and bcadj.codelevel = bcstc.codelevel and bcadj.version = bcstc.version where bcstc.servicetypecode =  '96' and mgcpo.source_memgroupid in ('1048476','1058476')",
      "coinsurance_in_single_family": "select distinct bpset.benefitplanversionid, mgcpo.memgroupcontractid, mgcpo.source_memgroupid, cast(bcadj.carriercoinspct as smallint) as coinssinglecostsharepct, cast(bcadj.carriercoinspct as smallint) as coinsfamilycostsharepct from memgroupcontractview_std mgc join memgroupcontractplanoptionview_std  mgcpo on  mgcpo.memgroupcontractid = mgc.source_memgroupcontractgcid and mgcpo.source_memgroupid = mgc.source_memgroupgid join benefitbundleplan_std bbp on bbp.benefitbundleid = mgcpo.benefitbundleid join  benefitbundleplanproduct_std bbpprod on bbp.benefitbundleplanid = bbpprod.benefitbundleplanid join  beneplansettings_std bpset on bpset.benefitplanversionid = bbpprod.benefitplanversionid  join  benecodeadj_std  bcadj on bcadj.benefitplanversionid  =  bpset.benefitplanversionid join benetier_view btier on bcadj.benefitplanversionid  =  btier.benefitplanversionid where btier.parstatustype in(1,2) and mgcpo.source_memgroupid in ('1048476','1058476')",
      "deductible_in_network_single_family": "select bpset.benefitplanversionid, mgcpo.memgroupcontractid, mgcpo.source_memgroupid, cast(beneded.individualdeductible as decimal(10,2)) as individualdeductible ,cast(beneded.familydeductibleamt as decimal(11,2)) as familydeductibleamt from memgroupcontractview_std mgc join memgroupcontractplanoptionview_std  mgcpo on  mgcpo.memgroupcontractid = mgc.source_memgroupcontractgcid and mgcpo.source_memgroupid = mgc.source_memgroupgid join benefitbundleplan_std bbp on bbp.benefitbundleid = mgcpo.benefitbundleid join  benefitbundleplanproduct_std bbpprod on bbp.benefitbundleplanid = bbpprod.benefitbundleplanid join  beneplansettings_std bpset on bpset.benefitplanversionid = bbpprod.benefitplanversionid join  benedeductibleperiod_view  beneded on beneded.benefitplanversionid  =  bpset.benefitplanversionid join benetier_view btier on beneded.benefitplanversionid  =  btier.benefitplanversionid  where btier.parstatustype in(1,2) and mgcpo.source_memgroupid in ('1048476','1058476')",
      "lifetime_mac_inplan": "select distinct bpset.benefitplanversionid, mgcpo.memgroupcontractid, mgcpo.source_memgroupid, cast(bm.indivdollarmax as decimal(10,2)) as  indivdollarmax from memgroupcontractview_std mgc join memgroupcontractplanoptionview_std  mgcpo on  mgcpo.memgroupcontractid = mgc.source_memgroupcontractgcid and mgcpo.source_memgroupid = mgc.source_memgroupgid join benefitbundleplan_std bbp on bbp.benefitbundleid = mgcpo.benefitbundleid join  benefitbundleplanproduct_std bbpprod on bbp.benefitbundleplanid = bbpprod.benefitbundleplanid join  beneplansettings_std bpset on bpset.benefitplanversionid = bbpprod.benefitplanversionid  join  benemax_std  bm on bm.benemaxbenefitplanversionid  =  bpset.benefitplanversionid join  benemaxref_view bmr on bmr.benefitplanversionid = bm.benemaxbenefitplanversionid and bmr.benemaxid  = bm.benemaxid join benetier_view btier on bm.benemaxbenefitplanversionid  =  btier.benefitplanversionid where bm.maximumdt = 'L' and btier.parstatustype in(1,2) and mgcpo.source_memgroupid in ('1048476','1058476')",
      "out_of_pocket_max_in_network_single_family": "select bpset.benefitplanversionid, mgcpo.memgroupcontractid, mgcpo.source_memgroupid, cast(benestop.individualoop as decimal(7,2)) as individualoop, cast(benestop.familyoopamt as decimal(7,2)) as familyoopamt from memgroupcontractview_std mgc join memgroupcontractplanoptionview_std  mgcpo on  mgcpo.memgroupcontractid = mgc.source_memgroupcontractgcid and mgcpo.source_memgroupid = mgc.source_memgroupgid join benefitbundleplan_std bbp on bbp.benefitbundleid = mgcpo.benefitbundleid join  benefitbundleplanproduct_std bbpprod on bbp.benefitbundleplanid = bbpprod.benefitbundleplanid join  beneplansettings_std bpset on bpset.benefitplanversionid = bbpprod.benefitplanversionid  join  benestoplossoop_std  benestop on benestop.benefitplanversionid  =  bpset.benefitplanversionid join benetier_view btier on benestop.benefitplanversionid  =  btier.benefitplanversionid where benestop.oopdeductibleind = 1 and benestop.oopcopayind = 1 and benestop.oopcoinsind = 1 and btier.parstatustype in (1,2) and mgcpo.source_memgroupid in ('1048476','1058476')",
      "deductible_accumulator": "select distinct CASE WHEN month(cast(trim(a.benperiodstartdate) as Date)) in ('1','01') then 'Calendar Year' else 'Policy Year' end as deductible_accumulator,bpset.benefitplanversionid,a.memgroupcontractid,a.source_memgroupid from memgroupcontractplanyear_view a join memgroupcontractplanoptionview_std  mgcpo on mgcpo.memgroupcontractid = a.memgroupcontractid and mgcpo.memgroupcontractplanoptionid =  a.memgroupcontractplanoptionid join benefitbundleplan_std bbp on bbp.benefitbundleid = mgcpo.benefitbundleid join  benefitbundleplanproduct_std bbpprod on bbp.benefitbundleplanid = bbpprod.benefitbundleplanid join  beneplansettings_std bpset on bpset.benefitplanversionid = bbpprod.benefitplanversionid where mgcpo.source_memgroupid in ('1048476','1058476')"
    }
  }
}