{
  "customerEligibilty": {
    "aggregateLayerCirrus": {
      "memgroupcontractview_std": "SELECT DISTINCT cast(trim(effectivedate) as Date) as effectivedate,trim(source_memgroupgid) as source_memgroupgid, cast(trim(expirationdate) as Date) as expirationdate,trim(source_cd) as source_cd from memgroupcontractview_std where record_status='active'",
      "memgroupid_std": "Select distinct trim(a.source_memgroupcontractgcid) as source_memgroupcontractid,trim(a.uah_memgroupcontractgcid) as uah_memgroupcontractid,trim(a.renewalmonth) as renewalmonth,trim(a.renewaldayofmonth) as renewaldayofmonth,trim(b.source_memgroupid) as source_memgroupid,trim(b.uah_memgroupid) as uah_memgroupid from memgroupcontractview_std a join memgroupid_std b on trim(a.source_memgroupgid ) = trim(b.source_memgroupid) where trim(b.originalSourceSystemType) = 'PUL' and a.record_status='active' and b.record_status='active'",
      "memGroupContractPlanOptExtview_std" : "select DISTINCT trim(a.memgroupcontractplanoptionid) as uah_memgroupcontractplanoptionid,trim(a.memgroupcontractplanoptionid) as source_memgroupcontractplanoptionid, trim(a.memgroupcontractoptid) as source_memgroupcontractoptid,trim(a.memgroupcontractoptid) as uah_memgroupcontractoptid, trim(b.source_memgroupid) as source_memgroupid  from memGroupContractPlanOptExtview_std a join memgroupid_std b on trim(a.source_memgroupid)=trim(b.source_memgroupid) where trim(a.originalSourceSystemType)='PUL' and trim(b.originalSourceSystemType)='PUL' and a.record_status='active' and b.record_status='active'",
      "memgroupcontractplanoptionview_std": "select uah_memgroupid,source_memgroupid, trim(memgroupcontractplanoptionid) as source_memgroupcontractplanoptionid, trim(memgroupcontractplanoptionid) as uah_memgroupcontractplanoptionid,trim (memgroupcontractoptid) as uah_memgroupcontractoptid, trim (memgroupcontractoptid) as source_memgroupcontractoptid FROM memgroupcontractplanoptionview_std where trim(memgroupcontractplanoptiondeleteind) = '0' and trim(memgroupcontractoptdeleteind) = '0'",
      "memgroupcontractrenewal_view":"SELECT  trim(source_memgroupid) as source_memgroupid,min(trim(nextrenewalind)) as newrenewalind  from memgroupcontractrenewal_view  where record_status='active' group by source_memgroupid",
      "product_code": "Select distinct a.source_memgroupid as memgroupid, a.memgroupcontractid, a.memgroupcontractoptid, a.memgroupcontractplanoptionid, a.memgroupcontractopteffectivedate, b.benefitbundleid, b.benefitbundleoptionid, b.benplaneffdate, b.benefitbundleplanplanid, b.planversion, b.productid, b.carrierlobplanid, c.gatedind, d.ehbind, d.fundingsource, e.planid, e.carriername, e.lobname, j.networkscheduleid, case when(s.pricingmethodtype='02') then  g.cmspct else  null end  cmspct , a.situsstate,case when(s2.pricingmethodtype='03' ) then  g.ucrpercentile else null  end  ucrpercentile , s.pricingmethodtype cms_pricingmethodtype,  s.pricingmethodtypedesc cms_pricingmethodtypedesc, s2.pricingmethodtype ucr_pricingmethodtype, s2.pricingmethodtypedesc ucr_pricingmethodtypedesc  from memgroupcontractplanoptionvw_std a  left join benefitbundleplanproduct_std b on a.benefitbundleoptionid = b.benefitbundleoptionid and b.benplanstatus <> 'C' and b.benplanstatus <> 'B' and b.benplanstatus <> 'S' and b.benplanstatus <> 'V'  left join productbenefitandtype_std c  on b.productversionid = c.productproductversionid  left join beneplansettings_std d on b.benefitplanversionid = d.benefitplanversionid  left join carrierlobplanview_std e on b.carrierlobplanid = e.carrierlobplanid  left join memgroupctrctplnoptnetwklistvw_std j on a.memgroupcontractplanoptionid = j.memgroupcontractplanoptionid  left join benefitbundleplan_std g on b.benefitbundleoptionid = g.benefitbundleoptionid  Left Join Oonpricingschednoteview_std r on g.oonpricingschedid = r.oonpricingschedid  left Join Oonpricingschedorderdetailview_std s on r.oonpricingschedoonpricingschedversionid = s.oonpricingschedorderoonpricingschedversionid and s.pricingmethodtype = '02'  Left Join Oonpricingschednoteview_std r2 on g.oonpricingschedid = r2.oonpricingschedid left Join Oonpricingschedorderdetailview_std s2 on r2.oonpricingschedoonpricingschedversionid = s2.oonpricingschedorderoonpricingschedversionid and s2.pricingmethodtype = '03'"
	  }
 }
}
