{
  "customer": {
    "aggregateLayer": {
      "memGroupContractPlanOptExtview_std": "select distinct trim(a.memgroupcontractplanoptionid) as uah_memgroupcontractplanoptionid,trim(a.memgroupcontractplanoptionid) as source_memgroupcontractplanoptionid, trim(a.memgroupcontractoptid) as source_memgroupcontractoptid,trim(a.memgroupcontractoptid) as uah_memgroupcontractoptid,trim(b.source_memgroupid) as source_memgroupid from memgroupcontractplanoptextview_std a join memgroupid_std b on a.source_memgroupid = b.source_memgroupid where trim(a.originalsourcesystemtype) = 'PUL' and trim(b.originalsourcesystemtype) = 'PUL' and a.record_status='active'",
      "memgroupcontractplanoptionview_std": "select uah_memgroupid,source_memgroupid, memgroupcontractplanoptionid as uah_memgroupcontractplanoptionid, memgroupcontractplanoptionid as source_memgroupcontractplanoptionid,memgroupcontractid , benefitbundleid,  memgroupcontractoptid as uah_memgroupcontractoptid, memgroupcontractoptid as source_memgroupcontractoptid,planoptiondescription, memgroupcontractassignmentexpirationdate, memgroupcontractoptexpirationdate, memgroupcontractplanoptiondeleteind,memgroupcontractoptdeleteind,key, run_id, record_status FROM memgroupcontractplanoptionview_std where trim(memgroupcontractplanoptiondeleteind) = '0' and trim(memgroupcontractoptdeleteind) = '0'",
      "memGroupAddress_std": "select  distinct address1,address2,city,state,postalcode,memgroupname,phoneext,phonenum,industryclasscode,source_memgroupid,uah_memgroupid,source_cd,addresstype from (select A.address1,A.address2,A.city,A.state,A.postalcode,A.memgroupname,A.phoneext,A.phonenum,A.industryclasscode,A.source_memgroupid,A.uah_memgroupid,A.source_cd,A.addresstype,(ROW_NUMBER() OVER (PARTITION BY A.source_memgroupid ORDER BY available_AddressType)) AS RNK from (select trim(address1) as address1,trim(address2) as address2 ,trim(city) as city,trim(state) as state,trim(postalcode) as postalcode,trim(memgroupname) as memgroupname,trim(phoneext) as phoneext,trim(phonenum) as phonenum ,trim(industryclasscode) as industryclasscode,trim(source_memgroupid) as source_memgroupid,trim(uah_memgroupid) as uah_memgroupid,trim(source_cd) as source_cd ,addresstype, If(trim(addresstype)='MAIL', 'A', IF(trim(addresstype)='COR', 'B', IF(trim(addresstype)='PHY', 'c', 'D'))) as available_AddressType from memgroupaddress_std where record_status='active') A) B where RNK = 1",
      "zipCode_view": "Select distinct trim(a.countyname) as countyname,trim(b.source_memgroupid) as source_memgroupid from zipcode_view a join  memgroupaddress_std b on a.zip = b.postalcode  and a.record_status='active'",
      "memgroupcontractview_std": "Select distinct trim(a.source_memgroupcontractgcid) as source_memgroupcontractid, trim(a.uah_memgroupcontractgcid) as uah_memgroupcontractid,trim(b.source_memgroupid) as source_memgroupid from memgroupcontractview_std a join memgroupid_std b on a.source_memgroupgid  = b.source_memgroupid where trim(b.originalsourcesystemtype) = 'PUL' and a.record_status='active'",
	  "memgroupinsuringrule_view" : "select distinct trim(source_memgroupid) as source_memgroupid,trim(insurancecontinuationtype) as insurancecontinuationtype from memgroupinsuringrule_view where trim(insurancecontinuationtype) = '01' and record_status='active'",
	  "memgroupreportingcode_view" : "Select distinct trim(a.source_memgroupid) as source_memgroupid, trim(a.reportingcodetype) as reportingcodetype, trim(b.referencedesc) as referencedesc From memgroupreportingcode_view  a Join reference_view  b On trim(a.reportingcodetype)=trim(b.referencecode) and trim(b.referencename) = 'reportingCodeType' and a.record_status='active'"
    }
  }
}