{
  "providerHce200": {
    "ProviderAggregateHce200": {
	  "license_type": "select  DISTINCT  trim(b.providerproviderid) as uah_providerid, trim(b.licenseid) as licenseid,trim(b.licensetypedesc) as licensetypedesc from MERGEDB.provideridentifiersearchview_std b where b.providerproviderid  is not null and  b.record_status='active'",
      "provider_service": "select  poaproviderorgid, servicingaddressaddress1, servicingaddressaddress2,servicingaddressaddress3, servicingaddressaddress4, servicingaddressaddress5, servicingaddresscity, servicingaddressstate, servicingaddresspostalcode, phonenum from (select  trim(c.providerorglocationproviderorgid) as poaproviderorgid,trim(c.address1) as servicingaddressaddress1,trim(c.address2) as servicingaddressaddress2,trim(c.address3) as servicingaddressaddress3,trim(c.address4) as servicingaddressaddress4,trim(c.address5) as servicingaddressaddress5,trim(c.city) as servicingaddresscity,trim(c.statedesc) as servicingaddressstate,trim(c.postalcode) as servicingaddresspostalcode,trim(c.phonenum) as phonenum,ROW_NUMBER() OVER (PARTITION BY c.providerorglocationproviderorgid ORDER BY c.providerorglocationproviderorgid ) as rank from MERGEDB.providerorglocationphnview_std c where c.providerorglocationproviderorgid is not null and c.phonenum is not null and c.address1 is not null and c.record_status='active')abc where abc.rank=1",
      "provider_name": "select  DISTINCT trim(a.pproviderid) as uah_providerid,trim(a.poaproviderorgid) as poaproviderorgid,trim(a.namefirst) as namefirst,trim(a.namelast) as namelast,trim(a.providertype) as providertype,trim(a.poorganizationname) as poorganizationname,trim(a.provtinid) as provtinid from MERGEDB.providerorgaffiliationtinview_std a   where a.uah_providerid is not null and a.provtinid is not null  and a.poaproviderorgid is not null and a.record_status='active' and a.pproviderid is not null",
	  "provider_billing":"select  DISTINCT trim(d.providertin) as providertin,trim(d.address1) as billingaddressaddress1,trim(d.address2) as billingaddressaddress2,trim(d.address3) as billingaddressaddress3,trim(d.address4) as billingaddressaddress4,trim(d.address5) as billingaddressaddress5,trim(d.city) as billingaddresscity,trim(d.state) as billingaddressstate,trim(d.postalcode) as billingaddresspostalcode,trim(d.ptprovtinid) as provtinid from MERGEDB.provtinaddressesview_std d where d.referenceidqual = 'EI' and d.ptprovtinid is not null and d.record_status='active' ",
	  "groupcod" : "select  DISTINCT trim(e.provideridtext) as groupcod,trim(e.providerorgidproviderorgid) as poaproviderorgid  from MERGEDB.providerorgidview_std e where e.provideridtext  is not null and e.providerorgidproviderorgid is not null and e.record_status='active' ",
      "county_name_prof": "select DISTINCT a.uah_providerid as uah_providerid,trim(c.countyname) as countyname from  MERGEDB.provider_view a join MERGEDB.providermdm_proforc b on a.originalsourcesystemid = b.hcpltk join MERGEDB.zipcode_view c on trim(c.zip) = trim(b.zipcode1) where a.uah_providerid is not null and c.record_status='active' ",
      "county_name_org": "select DISTINCT a.uah_providerid as uah_providerid, trim(c.countyname) as countyname from  MERGEDB.provider_view a join MERGEDB.providermdm_orgorc b on a.originalsourcesystemid = b.hcoltk join MERGEDB.zipcode_view c on trim(c.zip) = trim(b.zipcode1)  and c.record_status='active' ",
      "provideridtext": "select DISTINCT trim(uah_providerid) as uah_providerid,trim(provideridtext) as provideridtext,referenceidqual from  MERGEDB.providerid_view  where uah_providerid is not null and provideridtext  is not null  and referenceidqual in ('MPI','SY','HPI') and record_status='active'",
      "providerparstatustype": "select DISTINCT trim(b.uah_providerid) as uah_providerid,trim(a.providerparstatustype) as providerparstatustype from MERGEDB.claimpricinginputdetailview_std a join MERGEDB.claimprovideraddress_std b on trim(a.cpihclaimid) = trim(b.cpclaimid) where b.uah_providerid is not null and b.record_status='active' and a.record_status='active'",
      "taxonomy_class_org": "select DISTINCT trim(b.specialtycode)  as  primary_speccode,trim(b.taxonomyclassnumber)  as secondary_speccode, trim(a.uah_providerid) as uah_providerid   from MERGEDB.provider_view a JOIN MERGEDB.providermdm_orgorc b        on trim(a.originalsourcesystemid)  = trim(b.hcoltk) and a.originalsourcesystemtype = 'MDM' where (a.originalsourcesystemid is not null and b.hcoltk is not null and b.primspclind = 'Y') or (a.originalsourcesystemid is not null and b.hcoltk is not null and b.primspcind = 'Y')",
      "taxonomy_class_prof": "select  DISTINCT trim(b.specialtycode)  as  primary_speccode, trim(b.taxonomyclasscode)  as secondary_speccode, trim(a.uah_providerid) as uah_providerid from MERGEDB.provider_view a JOIN MERGEDB.providermdm_proforc b on trim(a.originalsourcesystemid)  = trim(b.hcpltk) and a.originalsourcesystemtype = 'MDM' where (a.originalsourcesystemid is not null and b.hcpltk is not null and b.providerspecialtyind = 'Y') or (a.originalsourcesystemid is not null and b.hcpltk is not null and b.specialtyind = 'Y')",
      "provider_network": "select DISTINCT trim(a.uah_providerid) as uah_providerid,trim(c.networkname) as networkname,trim(c.networknetworkid) as networknetworkid from  MERGEDB.providerorgaffilview_std a join MERGEDB.provcontractnetworkheaderview_std b on  a.providerorgaffiliationproviderorgid = b.providerorgid join MERGEDB.networkidquerysearchview_std c  on trim(b.networkid) = trim(c.networknetworkid) where a.uah_providerid is not null and a.providerorgaffiliationproviderorgid is not null and b.providerorgid is not null and b.networkid is not null and c.networknetworkid is not null and a.record_status='active'  and c.record_status='active'",
      "driver":  "select  DISTINCT  trim(a.uah_providerid) as uah_providerid from MERGEDB.provider_view a where a.originalsourcesystemtype = 'MDM'"
    }
  }
}