{
  "optumRx": {
	
      "mergeLayerOptumRx": {
"optumRx": "select memberid,cast(cltingrcst as double) as cltingrcst, cast(cltdispfee as double) as cltdispfee, cast(cltslstax as double) as cltslstax, cast(cltdueamt as double) as cltdueamt, carrierid,cast(cltpatpay as double) as cltpatpay, cast(cltcopay as double) as cltcopay, cast(cltatrded as double) as cltatrded, cast(datesbm as string) as datesbm, cast(rxclaimnbr as double) as rxclaimnbr, cast(clmseqnbr as double) as clmseqnbr, prescriber,mntdrugcde,psc,cast(dayssupply as double) as dayssupply, groupid,cast(dtefilled as string) as dtefilled, srvprovid,srvprovidq,multsrccde,brndtrdnme, cast(tiervalue as double) as tiervalue,prodtypcde,productid, key as key, 'active' as record_status, cdc_ts as uah_timestamp, case when trim(carrierid)='UHCOXFD01' then 'PUL' else 'CRS' END as uah_source_cd,'ORX' as source_cd from RX2LAKEDB.clmp02extg_rcex1p_snapshot where trim(carrierid) in ('UHCOXFD01','UHC0001XX','UHC0002XX','UHC0003XX','UHC0004XX','UHC0005XX','UHC0006XX','UHC0007XX','UHC0008XX','UHC0009XX')"
       },

      "hce200extract": {
          "hce_optumRx": "select memberid,cltingrcst,cltdispfee,cltslstax,cltdueamt,carrierid,cltpatpay,cltcopay,cltatrded,datesbm,rxclaimnbr,clmseqnbr,prescriber,mntdrugcde,psc,dayssupply ,groupid ,dtefilled,srvprovid,srvprovidq,multsrccde,brndtrdnme,tiervalue,source_cd from MERGEDB.clmp02extg_rcex1p",
          "hce200_extract_optumRx_NOT_TESTED": "select  CLTDUEAMT, MEMBERID, CARRIERID, SRVPROVID, CLAIMSTS, DTEFILLED, DAYSSUPPLY, CLTATRDED, CLTDISPFEE, MNTDRUGCDE , CLTCOPAY, SRVPROVID, CLTDUEAMT, RXCLAIMNBR, MULTSRCCDE, TIERVALUE , PSC, MULTSRCCDE , DATESBM, CLTSLSTAX, RXCLAIMNBR  from MERGEDB.rcex1p"
       }
   }
}