{
  "member": {
    "mergeLayerCirrus": {
      "subsaffiliation_std": "SELECT DISTINCT membermemberid as uah_memberid,memgroupid,relationshipcode,relationshipcodedesc,effectivedate, expirationdate,logicaldeleteind,key,load_timestamp as uah_timestamp,record_status,\"CRS\" as source_cd,membermemberid as source_memberid FROM RNACIRRUSDB.subsaffiliation_std",
      "memberdemographic_std": "SELECT DISTINCT UCASE(address1) AS address1, UCASE(address2) AS address2, addresstype, CAST(addresstypedesc AS string) AS addresstypedesc, UCASE(city) AS city, UCASE(state) AS state, postalcode, birthdate, UCASE(namefirst) AS namefirst, UCASE(namemiddle) AS namemiddle, UCASE(namelast) AS namelast, phone, phonetype, phonetypedesc, gender, gender AS source_gender, UCASE(countyfipsdesc) AS countyfipsdesc, CAST(memberExternalID AS string) AS memberexternalid,externalidtype,CAST(preferredind AS STRING) AS preferredind, memberaddresseffectivedate, memberaddressexpirationdate, cast (null as STRING) AS pulse_member_card_code,logicaldeleteind, memgroupid as uah_memgroupid, key, load_timestamp AS uah_timestamp,'CRS' AS source_cd, record_status, memberid AS source_memberid, memberid AS uah_memberid,relationshipcode, relationshipcode AS source_relationshipcode,run_id as run_id FROM RNACIRRUSDB.memberdemographic_std",
      "memberbenefitcovlevelcode_std": "select DISTINCT memberbenefitcovlevelcodememberid as uah_memberid,covlevelcode, covlevelcodedesc,effectivedate,expirationdate,memberbenefitdeleteind,memberbenefitcovlevelcodedeleteind,memberbenefitcovlevelcodememberid as source_memberid,memgroupid,memberbenefitcovlevelcodememberbenefitid,key,run_id,load_timestamp as uah_timestamp,record_status,\"CRS\" as source_cd from RNACIRRUSDB.memberbenefitcovlevelcode_std",
      "membercobverification_std": "SELECT DISTINCT membermemberid as uah_memberid,membermemberid as source_memberid,payerresponsibilityseqcode,cobcoveragetype,key,run_id,load_timestamp as uah_timestamp,record_status,govtbenefittype,'CRS' as source_cd FROM RNACIRRUSDB.membercobverification_std",

      "memgroupemployeecount_view": "select distinct employeecount,employeecounttype,memgroupid as source_memgroupid,memgroupid as uah_memgroupid,key,run_id,load_timestamp as uah_timestamp,record_status,'CRS' as source_cd FROM RNACIRRUSDB.memgroupemployeecount_view",
      "memberbenefit_std": "SELECT DISTINCT membermemberid as uah_memberid, memgroupid as uah_memgroupid,memgroupid as source_memgroupid, memberbenefitid,memgroupcontractplanoptionid, benefitbundleid, benefitbundleoptionid,memgroupcontractid,memgroupcontractoptid, carrierid,networkscheduleid, planid,namefirst,namelast,benplaneffdate,benefittype,benplanexpdate,subscriberid,productid,controlplanid, CASE WHEN (controlplanid is not null and ( benPlanExpDate >= current_date or benPlanExpDate = '9999-12-31') ) then 'Y' ELSE 'N' END as uah_medpharmcovind,membermemberid as source_memberid,cast(null as string) as pulse_member_card_code, subscriberid as source_subscriberid,deleteind,riderbenefittype,riderbenefittypedesc,key,run_id,changedatetime,load_timestamp as uah_timestamp,record_status,'CRS' as source_cd FROM RNACIRRUSDB.memberbenefit_std",
      "memgroupcontractoptview_std": "select distinct memgroupcontractoptid,memgroupid as source_memgroupid,memgroupid as uah_memgroupid,key,run_id,load_timestamp as uah_timestamp,record_status,'CRS' as source_cd FROM RNACIRRUSDB.memgroupcontractoptview_std",
      "memgroupcontractplanopttag_view": "select memGroupContrPlanAttribSetID, memGroupContractPlanOptionID, memGroupContractOptID, memGroupContractID, memGroupID, segmentNum, segmentValue, segmentName, invalidind, effectiveDate, expirationDate, key, run_id, load_timestamp as uah_timestamp, record_status,\"CRS\" as source_cd from RNACIRRUSDB.memgroupcontractplanopttag_view"
    },
    "memberLayerLegacy": {
      "employee": "SELECT DISTINCT membermemberid,namefirst,namelast,key as key,load_timestamp as uah_timestamp,record_status,\"CRS\" as source_cd_cd FROM memberbenefit_std",
      "memberdemographic_std_cdw": "SELECT DISTINCT UCASE(MEM.line1) AS address1, UCASE(MEM.line2) AS address2, ADDR.address_type AS addresstype, case when address_type = 'BILL' then 'Billing Address' when address_type = 'BUS' then 'Business Address' when address_type = 'PR' then 'Primary Address' when address_type = 'RES' then 'Residential Address' else 'Third Party Administrator Address' end AS addresstypedesc, UCASE(MEM.city) AS city, UCASE(MEM.state) AS state, CASE WHEN MEM.zip_extension is NOT NULL then concat(MEM.zip,' - ',MEM.zip_extension) ELSE MEM.zip END AS postalcode, cast(to_date(date_of_birth) as string) AS birthdate, UCASE(MEM.first_name_cleaned) AS namefirst, UCASE(MEM.mid_initial) AS namemiddle, UCASE(MEM.last_name_cleaned) AS namelast, CONCAT(MEM.area_code,'-',case when length(TRIM(REGEXP_REPLACE(MEM.phone_number, '[^0-9]+', ''))) > 3 then  concat_ws('-',substr(TRIM(REGEXP_REPLACE(MEM.phone_number, '[^0-9]+', '')),1,3),substr(TRIM(REGEXP_REPLACE(MEM.phone_number, '[^0-9]+', '')),4,length(REGEXP_REPLACE(MEM.phone_number, '[^0-9]+', ''))-3)) when length(TRIM(REGEXP_REPLACE(MEM.phone_number, '[^0-9]+', ''))) < 3 then substr(TRIM(REGEXP_REPLACE(MEM.phone_number, '[^0-9]+', '')),1,length(REGEXP_REPLACE(MEM.phone_number, '[^0-9]+', ''))) else TRIM(MEM.phone_number) end) as phone, '' AS phonetype, '' AS phonetypedesc, CASE WHEN trim(MEM.gender) = 'M' then 'M' WHEN trim(MEM.gender) = 'F' then 'F' ELSE 'U' END as gender, MEM.gender AS source_gender, UCASE(MEM.county_name) as countyfipsdesc, MEM.social_security_number AS memberexternalid, MCR.card_code AS pulse_member_card_code, '' AS key, '' AS run_id,FROM_UNIXTIME(UNIX_TIMESTAMP(), 'yyyy-MM-dd HH:mm:ss:SSS') AS uah_timestamp,'PUL' AS source_cd, 'active' as record_status, cast(MEM.member_id as string) AS memberid FROM UAHCDWDB.uah_cdw_dss_i_member MEM JOIN UAHCDWDB.uah_cdw_dss_i_mcr MCR ON MCR.member_id_dep = MEM.member_id JOIN UAHCDWDB.uah_cdw_dss_i_address ADDR ON MEM.member_id = ADDR.address_source_id AND ADDR.address_source_type='ME'",
      "merge_member_columns": "memberid,source_memberid,pulse_member_card_code,address1,address2,city,state,postalcode,countyfipsdesc,birthDate,namefirst,phone,namelast,gender,sourcegender,relationshipcode,source_relationshipcode,memberexternalid,key,uah_timestamp,record_status,source_cd",
      "uah_cdw_dss_i_member_eligibility": "SELECT DISTINCT cast (null as STRING) as memgroupid, cast (null as STRING) as namefirst, cast (null as STRING) as namelast, cast (memelig.member_id as STRING) as source_memberid, cast (mcr.card_code as STRING) as pulse_member_card_code, cast(to_date(cast(memelig.effective_from_date as string)) as string) as benplaneffdate, CASE WHEN memelig.effective_thru_date is NOT NULL then cast(to_date(cast(memelig.effective_thru_date as string)) as string) ELSE \"9999-12-31\" END as benplanexpdate, cast (null as STRING) as subscriberid, cast (null as STRING) as productid, cast (null as STRING) as key,  FROM_UNIXTIME(UNIX_TIMESTAMP(), 'yyyy-MM-dd HH:mm:ss:SSS') as uah_timestamp, 'active' as record_status, \"PUL\" as source_cd FROM (SELECT * FROM uah_cdw_dss_i_member_eligibility) memelig JOIN (SELECT card_code,member_id_dep FROM uah_cdw_dss_i_mcr) mcr on memelig.member_id = mcr.member_id_dep ",
      "merge_memberelig_columns": "uah_memberid,source_memberid,pulse_member_card_code,memgroupid,namefirst,namelast,benplaneffdate,benplanexpdate,productid,key,uah_timestamp,record_status,source_cd",
      "groupcontract_lookup_std": "SELECT DISTINCT memgroupexternalid.memgroupid as memgroupid, memgroupexternalid.originalsourcesystemid as source_groupid, memgroupcontract.memgroupcontractid as memgroupcontractid,memgroupcontract.effectivedate as effectivedate,memgroupcontract.expirationdate as expirationdate, FROM_UNIXTIME(UNIX_TIMESTAMP(), 'yyyy-MM-dd HH:mm:ss:SSS') as uah_timestamp, 'active' as record_status, \"PUL\" as source_cd from RNACIRRUSDB.memgroupexternalid_view memgroupexternalid join RNACIRRUSDB.memgroupcontract_view memgroupcontract on memgroupexternalid.memgroupid = memgroupcontract.memgroupid",
      "groupcontract_lookup_std_cdw": "SELECT DISTINCT cast (contract_id as STRING) as source_contractid, group_code from UAHCDWDB.uah_cdw_dss_i_contract",
	  "member_crosswalk": "SELECT DISTINCT subsaffextid.subsaffiliationmemberid,subsaffextid.externalidtype,subsaffextid.affiliationexternalid, FROM_UNIXTIME(UNIX_TIMESTAMP(), 'yyyy-MM-dd HH:mm:ss:SSS') as row_timestamp, 'active' as record_status, \"PUL\" as source_cd from RNACIRRUSDB.subsaffiliationexternalid_std subsaffextid where subsaffextid.externalidtype = 'PS'"
    },
    "aggregateLayer": {
      "speed_renewal_report_detail": "SELECT membermemberid,namefirst,namelast FROM memberbenefit_std"
    }
  }
}
