{
  "providerhce200": {
    "providerCirrus": {
      "providerorglocationphnview_std": "select DISTINCT c.providerorglocationproviderorgid, c.address1, c.address2, c.address3, c.address4, c.address5, c.city, c.statedesc, c.postalcode, c.phonenum, c.key, c.run_id, c.record_status, c.load_timestamp as uah_timestamp,'CRS' as source_cd from RNACIRRUSDB.providerorglocationphnview_std c",
      "provtinaddressesview_std": "select DISTINCT d.ptprovtinid, d.referenceidqual, d.address1, d.address2, d.address3, d.address4, d.address5, d.city, d.state, d.postalcode, d.providertin, d.key, d.run_id, d.record_status, d.load_timestamp as uah_timestamp, 'CRS' as source_cd from RNACIRRUSDB.provtinaddressesview_std d",
      "providertaxonomyview_std": "SELECT DISTINCT providertaxonomyproviderid,providertaxonomyproviderid as source_providerid,taxonomycode,provideroriginalsourcesystemid,key,run_id,load_timestamp as uah_timestamp,providertaxonomychangedatetime,record_status,'CRS' as source_cd from RNACIRRUSDB.providertaxonomyview_std", 
      "providermdm_proforc" : "select DISTINCT b.countycode, b.hcpltk, cast(b.zipcode1 as string) as zipcode1,b.specialtycode,b.taxonomyclasscode,b.providerspecialtyind,b.specialtyind, '' as key, '' as uah_timestamp, '' as record_status, 'CRS' as source_cd from MDMDB.PROVIDERMDM_proforc b",
       "providermdm_orgorc": "select DISTINCT countycode,zipcode1,specialtycode,taxonomyclassnumber,primspclind,primspcind,hcoltk,orgobjname,orgobjvalue,providertype from MDMDB.providermdm_orgorc",
      "zipcode_view" : "select DISTINCT substring(c.countyfips,3,5) as countycd, c.countyfips, c.countyname, c.zip, key, run_id, load_timestamp as uah_timestamp,record_status,'CRS' as source_cd from  RNACIRRUSDB.zipcode_view c",
      "provideridentifiersearchview_std": "select DISTINCT b.providerproviderid, b.licenseid, b.licensetype, b.licensetypedesc, b.key, b.run_id, b.record_status, b.load_timestamp as uah_timestamp, 'CRS' as source_cd from RNACIRRUSDB.provideridentifiersearchview_std b where licensetype='DEA'",
      "providerorgaffiliationtinview_std": "select DISTINCT a.namefirst, a.namelast, a.providertype, a.provtinid, a.pproviderid, a.poaproviderorgid, a.poorganizationname, a.key, a.run_id, a.record_status, a.load_timestamp as uah_timestamp, 'CRS' as source_cd from RNACIRRUSDB.providerorgaffiliationtinview_std a",
      "providerorgidview_std": "select DISTINCT e.providerorgidproviderorgid, e.provideridtext, e.key, e.run_id, e.record_status, e.load_timestamp as uah_timestamp, 'CRS' as source_cd from RNACIRRUSDB.providerorgidview_std e where e.providerorgidreferenceidqual = 'PUL'",
      "providerid_view": "select DISTINCT providerid, provideridtext, referenceidqual, key, run_id, record_status, load_timestamp as uah_timestamp, 'CRS' AS source_cd from RNACIRRUSDB.providerid_view",
      "taxonomycode_view": "SELECT DISTINCT taxonomyclass,taxonomycode,key,run_id,changedatetime,record_status,load_timestamp AS uah_timestamp,'CRS' AS source_cd from RNACIRRUSDB.taxonomycode_view",
      "providerorgaffilview_std": "select DISTINCT a.providerorgaffiliationproviderid, a.providerorgaffiliationproviderorgid, key, run_id, load_timestamp as uah_timestamp, record_status, 'CRS' as source_cd from RNACIRRUSDB.providerorgaffilview_std a",
      "provcontractnetworkheaderview_std": "select DISTINCT b.providerorgid, b.networkid, key, run_id, load_timestamp as uah_timestamp,record_status, 'CRS' as source_cd from RNACIRRUSDB.provcontractnetworkheaderview_std b",
      "networkidquerysearchview_std": "select DISTINCT c.networkname, c.networknetworkid, c.key, c.run_id, c.record_status, c.load_timestamp as uah_timestamp, 'CRS' as source_cd from RNACIRRUSDB.networkidquerysrchview_std c",
         
      "provider_view": "select DISTINCT cast(providerid as string)  as uah_providerid,originalsourcesystemid,originalsourcesystemtype,key,record_status, run_id, load_timestamp as uah_timestamp, 'CRS' as source_cd  from RNACIRRUSDB.provider_view"          
    },
    "providerlegacy": {
      "provideraffiliation": "select distinct provider_id, affil_provider_id from UAHCDWDB.uah_cdw_dss_i_provider_affiliation where affiliation_type='group' and effective_thru_date is null",
      "providerlegacyset1": "select distinct provider_id, provider_code, first_name, last_name,facility_name,federal_tax_id,provider_type from UAHCDWDB.uah_cdw_dss_i_provider",
      "providerlegacyall": "select distinct distinct a.provider_id as providerid,b.line1,b.line2,b.line3,b.city,b.state,b.zip,b.county,b.address_type,b.area_code,c.licensing_code,a.first_name,b.phone_number,a.last_name,a.uhc_mpin,a.social_security_number,a.federal_tax_id,a.provider_type,a.par_effective_from_date,a.par_disenrolled_date,a.par_status_type,g.address_source_type,g.address_id ,d.specialty_type,d.sub_specialty1,d.sub_specialty2,d.sub_specialty3,e.national_provider_id,f.network,f.network_name,g.zip_extension from UAHCDWDB.uah_cdw_dss_i_provider a left join UAHCDWDB.uah_cdw_dss_i_provider_address b on a.provider_id=b.provider_id left join UAHCDWDB.uah_cdw_dss_i_provider_licencing c on a.provider_id=c.provider_id left join UAHCDWDB.uah_cdw_dss_i_provider_specialty d on a.provider_id=d.provider_id left join UAHCDWDB.uah_cdw_dss_i_provider_npi e on a.provider_id=e.provider_id left join UAHCDWDB.uah_cdw_dss_i_pulse_provider_network f on a.provider_id=f.provider_id left join UAHCDWDB.uah_cdw_dss_i_address g on b.address_id=g.address_id where g.address_source_type='pr'"
    },
    "providercrosswalk": {
      "providermdm_orgorc_xw": "select distinct a.orgobjvalue as sourceprovideridentifier,a.hcoltk as mdmltkprovideridentifier from  MDMDB.providermdm_orgorc a where orgobjname = 'PULSE PROV ID'",
      "providermdm_proforc_xw": "select distinct a.profidobjvalue as sourceprovideridentifier,a.hcpltk as  mdmltkprovideridentifier from  MDMDB.providermdm_proforc a where profidobjname = 'PULSE PROV ID'",
      "provider_snapshot_view_crosswalk": "select distinct providerid as cirrusprovideridentifier, originalsourcesystemid as  mdmltkprovideridentifier  from RNACIRRUSDB.provider_view  where originalsourcesystemtype = 'MDM'"
    },
    "networkcrosswalk": {
      "networkidquerysrchview_std_crosswalk": "select distinct networknetworkid as cirrus_network_identifier, networkname,networkidoriginalsourcesystemid as networkid, networkidoriginalsourcesystemtype from RNACIRRUSDB.networkidquerysrchview_std",
      "network_legacy": "select distinct network,network_id as networkid,network_name from UAHCDWDB.uah_cdw_dss_i_network",
      "legacyNetwork": "select network_id,network,network_name from uah_cdw_prod.uah_cdw_dss_i_network",
      "cirrusNetwork": "select trim(networkdesc) as networkdesc,networknetworkID,networkidoriginalsourcesystemid,cast(trim(run_id) as decimal) as run_id,from_unixtime( unix_timestamp(load_timestamp )) as load_timestamp,trim(record_status) as record_status,trim(key) as key from RNACIRRUSDB.networkidquerysrchview_std where trim(networkidoriginalsourcesystemtype) = 'PUL'"
    }
  }
}