{
  "customer": {	
    "mergeLayerCirrus": {
      "memgroupcontractrenewal_view": "SELECT DISTINCT memgroupid as uah_memgroupid,memgroupid as source_memgroupid,nextrenewalind,renewaldate,key,run_id,load_timestamp as uah_timestamp,record_status,\"CRS\" as source_cd FROM RNACIRRUSDB.memgroupcontractrenewal_view",
      "memgroupctrctplnoptnetwklistvw_std":"select networkscheduleid, mgcpomemgroupcontractplanoptionid as memgroupcontractplanoptionid,key,run_id,load_timestamp as uah_timestamp,record_status,\"CRS\" as source_cd FROM RNACIRRUSDB.memgroupctrctplnoptnetwklistvw_std",
      "oonpricingschednoteview_std":"select oonpricingschedid,oonpricingschedoonpricingschedversionid,key,run_id,load_timestamp as uah_timestamp,record_status,\"CRS\" as source_cd FROM RNACIRRUSDB.oonpricingschednoteview_std",
      "oonpricingschedorderdetailview_std":"select oonpricingschedorderoonpricingschedversionid,pricingmethodtype,pricingmethodtypedesc,key,run_id,load_timestamp as uah_timestamp,record_status,\"CRS\" as source_cd FROM RNACIRRUSDB.oonpricingschedorderdetailview_std"
},
    "cspCrosswalk": {
      "contract_xwalk": "select group_code, contract_id from UAHCDWDB.uah_cdw_dss_i_contract",
	  "csp_xwalk": "select contract_specific_pkg_id, contract_spec_pkg_code, contract_id from UAHCDWDB.uah_cdw_dss_i_contract_specific_package",
	  "memgroupid_xwalk": "select memgroupid, memgroupexternalidid, originalsourcesystemid, originalsourcesystemtype from RNACIRRUSDB.memgroupid_std",
	  "memgroupcontractplanoptextview_xwalk": "select memgroupid, originalsourcesystemid, originalsourcesystemtype, memgroupcontractplanoptionid, memgroupcontractoptid, memgroupcontractid, extiddescription from RNACIRRUSDB.memgroupcontractplanoptextview_std",
	  "groupcontract_lookup_std": "select source_groupid, source_contractid, memgroupid from MERGEDB.groupcontract_lookup_std"
	  

  }
  }
  }