{
        "brokerhce200": {
        "brokerrcirrus": {
        "cirrusBroker": "select producerID as Cirrus_Producer_Identifier,cast(trim(run_id) as bigint) as run_id,from_unixtime( unix_timestamp(load_timestamp )) as load_timestamp,trim(record_status) as record_status,trim(key) as key,originalSourceSystemID as Source_Producer_Identifier,'1' as Producer_Type from RNACIRRUSDB.producerexternalid_view where trim(originalSourceSystemtype) = 'PUL'",
        "produceraddressview_std": "select distinct prodproducerid, namefirst, namelast, producertin, address1, address2, address3, city, state, postalcode, organizationname, producertype, run_id, key, record_status, load_timestamp as uah_timestamp,'crs' as source_cd from RNACIRRUSDB.produceraddressview_std",
        "producerexternalid_view": "select distinct producerid ,originalsourcesystemid, run_id, key, record_status, load_timestamp as uah_timestamp,'crs' as source_cd from RNACIRRUSDB.producerexternalid_view",
        "memgroupcontractproducerview_std": "select distinct producerpid, producertype, producerpctofpremium, run_id, key, record_status, load_timestamp as uah_timestamp,'crs' as source_cd from RNACIRRUSDB.memgroupcontractproducerview_std"
                }
        }
}