{
  "customer": {
    "mergeLayerCirrus": {
      "memgrpctrtbillprefcontact_std": "SELECT DISTINCT namefirst,namelast,phonenum,cast(memgroupcontactrolememgroupid as String) as memgroupcontactrolememgroupid,key,run_id,load_timestamp as uah_timestamp,record_status,\"CRS\" as source_cd FROM RNACIRRUSDB.memgrpctrtbillprefcontact_std",
      "memgroupaddress_std": "SELECT DISTINCT city, address1, address2,addresstype, addresstypedesc,industryclasscode, state, postalcode, memgroupid as uah_memgroupid, memgroupid as source_memgroupid, memgroupname,phoneext,phonenum,organizationtype,organizationtypedesc,key,run_id,changedatetime, load_timestamp as uah_timestamp,record_status,\"CRS\" as source_cd from RNACIRRUSDB.memgroupaddress_std",
      "memgroupcontractoptcontributvw_std": "SELECT DISTINCT memgroupcontractoptcontributeffectivedate,cast(memgroupid as String) as memgroupid,premiumremaindercollectiontype,memgroupcontractoptcontributexpirationdate,mgcodeleteind,mgcocontributdeleteind,key,run_id,load_timestamp as uah_timestamp,record_status,\"CRS\" as source_cd FROM RNACIRRUSDB.memgroupcontractoptcontributvw_std",
      "memgroupcontractproducerview_std": "SELECT DISTINCT cast(memgroupid as String) as memgroupid,cast(memgroupcontractproducerid as String) as memgroupcontractproducerid,cast(memgroupcontractid as String) as memgroupcontractid,cast(donotassignind as String) as donotassignind,memgroupcontractproducereffectivedate,memgroupcontractproducerexpirationdate,cast(producerpctofpremium as double) as producerpctofpremium,cast(overrideproducerpctofpremium as double) as overrideproducerpctofpremium,cast(nocommissionind as String) as nocommissionind,producertype,cast(producerpid as String) as producerpid,organizationname,namefirst,namelast,key,load_timestamp as uah_timestamp,run_id,record_status,\"CRS\" as source_cd FROM RNACIRRUSDB.memgroupcontractproducerview_std",
      "prodbennetworksched_std": "SELECT DISTINCT benenetworkschednetworkscheduleid,memgroupid,productid,productname,producttype, producttypedesc,key,load_timestamp as uah_timestamp,record_status,\"CRS\" as source_cd FROM RNACIRRUSDB.prodbennetworksched_std",
      "benetiernetworkandprov_std": "SELECT DISTINCT benetierbenefitplanversionid,parstatustype,parstatustypedesc,tiernumber,key,load_timestamp as uah_timestamp,record_status,\"CRS\" as source_cd FROM RNACIRRUSDB.benetiernetworkandprov_std",
      "vendor_view": "SELECT vendorid,organizationname, key,run_id,changedatetime,record_status,load_timestamp as uah_timestamp, \"CRS\" as source_cd FROM RNACIRRUSDB.vendor_view",
      "memgroupcontractplanattrsetvw_std": "SELECT mgcpopmemgroupid as uah_memgroupid, mgcpopmemgroupid as source_memgroupid, mgcpopmemgroupcontractplanoptionid as memgroupcontractplanoptionid,mgcpopmemgroupcontractoptid as memgroupcontractoptid,mgcpopinvalidind,mgcpattribsetinvalidind, key,run_id,record_status,load_timestamp as uah_timestamp, 'CRS' as source_cd FROM RNACIRRUSDB.memgroupcontractplanattrsetvw_std",
      "memgroupcontractplanoptionview_std": "SELECT memgroupid as uah_memgroupid, memgroupid as source_memgroupid, memgroupcontractplanoptionid, memgroupcontractid , benefitbundleid,  contractplanoptiontypedesc, contractplanoptiontype, memgroupcontractoptid, planoptiondescription, memgroupcontractassignmentexpirationdate, memgroupcontractoptexpirationdate, memgroupcontractplanoptiondeleteind,memgroupcontractoptdeleteind,memgroupcontractopteffectivedate,key, run_id, record_status,'CRS' as source_cd,load_timestamp as uah_timestamp FROM RNACIRRUSDB.memgroupcontractplanoptionview_std",
      "memgroupinsuringrule_view": "select DISTINCT cast(memgroupid as String) as source_memgroupid,cast(memgroupid as String) as uah_memgroupid,insurancecontinuationtype,key,run_id,load_timestamp as uah_timestamp,record_status,'CRS' as source_cd from RNACIRRUSDB.memgroupinsuringrule_view",
      "memgroupreportingcode_view": "select DISTINCT cast(memgroupid as String) as source_memgroupid, cast(memgroupid as String) as uah_memgroupid,reportingcodetype,key,run_id,load_timestamp as uah_timestamp,record_status,'CRS' as source_cd from RNACIRRUSDB.memgroupreportingcode_view",
      "reference_view": "select DISTINCT referencename,referencecode,referencedesc,key,run_id,load_timestamp as uah_timestamp,record_status,'CRS' as source_cd from RNACIRRUSDB.reference_view",

      "memgroupcontractplanoptionvw_std": "SELECT DISTINCT memgroupid AS uah_memgroupid, memgroupid AS source_memgroupid,situsstate, memgroupcontractoptid, memgroupcontractplanoptionid, memgroupcontractid, memgroupcontractopteffectivedate, benefitbundleid, benefitbundleoptionid, changedatetime,key,run_id,load_timestamp as uah_timestamp,record_status,\"CRS\" as source_cd FROM RNACIRRUSDB.memgroupcontractplanoptionvw_std",

      "memgroupcontractview_std": "select distinct memgroupcontractgcid as source_memgroupcontractgcid, memgroupcontractgcid as uah_memgroupcontractgcid ,memgroupgid as uah_memgroupgid,memgroupgid as source_memgroupgid,renewalmonth,renewaldayofmonth,memgroupname,effectivedate,expirationdate,originalactivationdate,originalcontractdate,key,run_id,changedatetime,record_status,load_timestamp as uah_timestamp,'CRS' as source_cd FROM RNACIRRUSDB.memgroupcontractview_std",
      "memgroupcontractplanoptextview_std": "SELECT DISTINCT memgroupcontractplanoptionid, memgroupcontractoptid,memgroupcontractid, memgroupid as uah_memgroupid, memgroupid as source_memgroupid, originalsourcesystemid, originalsourcesystemtype, cast(currentpremiumamount as double) as currentpremiumamount,extiddescription,mgcpoextiddeleteind,mgcpodeleteind, key,run_id,changedatetime,load_timestamp as uah_timestamp, record_status,\"CRS\" as source_cd FROM RNACIRRUSDB.memgroupcontractplanoptextview_std",
      "memgroupid_std": "SELECT DISTINCT originalsourcesystemid,originalsourcesystemtype,cast(memgroupid as String) as uah_memgroupid,cast(memgroupid as String) as source_memgroupid,key,run_id,memgrouptinid,memgroupexternalidid,memgroupaliasid,load_timestamp as uah_timestamp,record_status,\"CRS\" as source_cd FROM RNACIRRUSDB.memgroupid_std",
      "memgroupcontractoptinsruleview_std": "SELECT DISTINCT memgroupcontractid,memgroupid as source_memgroupid,memgroupid as uah_memgroupid,deptermexpirationdatetype,studenttermexpirationdatetype,overridemaxmilitarydepage,overridemaxstudentage,key,run_id,load_timestamp as uah_timestamp,record_status,'CRS' as source_cd FROM RNACIRRUSDB.memgroupcontractoptinsruleview_std",
      "supportteamphoneview_std": "select namegroup,namelast,namefirst,stsupportteamid,supportteamtype,key,run_id,record_status,load_timestamp as uah_timestamp,'CRS' as source_cd from RNACIRRUSDB.supportteamphoneview_std",
      "memgroupsupportteam_view": "select supportteamid,memgroupid,membersupportteamroletype,key,run_id,record_status,load_timestamp as uah_timestamp,'CRS' as source_cd from RNACIRRUSDB.memGroupSupportTeam_view",
      "memgroupsettings_std":"SELECT DISTINCT cast(memgroupid as String) as uah_memgroupid,cast(memgroupid as String) as source_memgroupid, sizedefinitiontype,key,run_id, load_timestamp as uah_timestamp,record_status,\"CRS\" as source_cd from RNACIRRUSDB.memgroupsettings_std",
      "memgroupcontactrole_std":"SELECT DISTINCT cast(memgroupid as String) as uah_memgroupid,cast(memgroupid as String) as source_memgroupid, effectivedatememgroupcontactrole,key,run_id, load_timestamp as uah_timestamp,record_status,\"CRS\" as source_cd from RNACIRRUSDB.memgroupcontactrole_std",
      "memgroupcontractgovtreportview_std": "select  key,memgroupid as source_memgroupid,memgroupid as uah_memgroupid,govtreporttype,effectivedate,expirationdate,deleteind,run_id,load_timestamp as uah_timestamp,record_status,\"CRS\" as source_cd from RNACIRRUSDB.memgroupcontractgovtreportview_std"

    },
    "mergeLayercdw": {
      "employee": "SELECT DISTINCT membermemberid,namefirst,namelast,key as key,load_timestamp as uah_timestamp,record_status,\"CRS\" as source_cd_cd FROM RNACIRRUSDB.memberbenefit_std"
    }
  }
}