{
  "claims": {
    "mergeLayerCirrus": {
      "clabenefit_std": "SELECT DISTINCT benefitplanversionid, tiernumber, codelevel, version, benefitcode, claclaimlineadjudicationid,CAST(cobadjustmentamt as double) as cobadjustmentamt,CAST(memcoinsurancereductamt as double) as memcoinsurancereductamt, CAST(deductiblereductamt as double) as deductiblereductamt,claclaimid, cbclaimlinenum,memberbenefitid,CAST(allowedamt as double) as allowedamt, CAST(copayreductamt as double) as copayreductamt,key,run_id,load_timestamp as uah_timestamp,cbcreatedatetime,cbchangedatetime,record_status,'CRS' as source_cd FROM RNACIRRUSDB.clabenefit_std",
      "benetiernetworkandprov_std": "SELECT DISTINCT parstatustype, parstatustypedesc,benetierbenefitplanversionid,tiernumber,key,load_timestamp as uah_timestamp,createdatetime,changedatetime, record_status,'CRS' as source_cd FROM RNACIRRUSDB.benetiernetworkandprov_std",
      "claimsubscriber_std": "SELECT DISTINCT claimid,memgroupid,key,load_timestamp as uah_timestamp,createdatetime,changedatetime, record_status,'CRS' as source_cd FROM RNACIRRUSDB.claimsubscriber_std",
      "claimheader_std": "SELECT claimtype,memberid,claimstatus,clearinghouseclaimid,poscode,chclaimid,dateofservicestart,CAST(totalpaidamt as double) as totalpaidamt,CAST(totalbilledamt as double) as totalbilledamt,key,run_id,load_timestamp as uah_timestamp,,record_status,'CRS' as source_cd FROM RNACIRRUSDB.claimheader_std",
      "claimdiagnosisview_std": "SELECT diagnosiscode,admittingdiagind,principaldiagind,claimid,key,run_id,load_timestamp as uah_timestamp,claimdiagnosiscreatedatetime,claimdiagnosischangedatetime,record_status,'CRS' as source_cd FROM RNACIRRUSDB.claimdiagnosisview_std",
      "claimnote_std": "SELECT claimnotetype,claimid,claimlinenum,claimnoteid,key,run_id,load_timestamp as uah_timestamp,createdatetime,changedatetime,record_status,'CRS' as source_cd FROM RNACIRRUSDB.claimnote_std",
      "claimlineinst_std": "SELECT admissiondate,admissionhour as admissiontime,claimid,claimlinenum,dateofservicefrom,dateofservicethru,CAST(procedurecode as string) as procedurecode,CAST(serviceunits as double) as serviceunits,CAST(billedamt as double) as billedamt,revenuecode,typeofbill,modifier1,modifier2,modifier3,modifier4,CAST(null as string) as dischargedate,patientstatuscode,key ,run_id,load_timestamp as uah_timestamp,record_status,'CRS' as source_cd FROM RNACIRRUSDB.claimlineinst_std",
      "claimlineprof_std": "SELECT admissiondate,CAST(null as string) as admissiontime,claimid,claimlinenum,dateofservicefrom,dateofservicethru,procedurecode,CAST(serviceunits as double) as serviceunits,CAST(billedamt as double) as billedamt,CAST(null as string) as revenuecode,CAST(null as string) as typeofbill,modifier1,modifier2,modifier3,CAST(null as string) as modifier4,dischargedate,CAST(null as string) as patientstatuscode,key, run_id,load_timestamp as uah_timestamp,createdatetime,changedatetime, record_status,\"CRS\" as source_cd FROM RNACIRRUSDB.claimlineprof_std",
      "claimprovideraddress_std": "SELECT DISTINCT providerid as uah_providerid,providerid as source_providerid,cpclaimid,cpclaimlinenum,cpclaimproviderid,key,run_id,cpachangedatetime,load_timestamp as uah_timestamp,cpacreatedatetime,cpachangedatetime,record_status,'CRS' as source_cd FROM RNACIRRUSDB.claimprovideraddress_std",
      "claimcobadjustment_std": "SELECT adjustmentreasoncode,claimcobadjustmentclaimid,claimlinenum,claimcobadjustmentid,key,run_id,load_timestamp as uah_timestamp,createdatetime,changedatetime,record_status,'CRS' as source_cd FROM RNACIRRUSDB.claimcobadjustment_std",
      "claimlineadjudication_std": "SELECT claimlineadjudicationid, adjudicationdate,claimid,claimlinenum,clastatus,key,run_id,clacreatedatetime,clachangedatetime,load_timestamp as uah_timestamp,record_status,'CRS' as source_cd FROM RNACIRRUSDB.claimlineadjudication_std",
      "umauthview_std": "SELECT CAST(umauthid as string) as umauthid,CAST(memberid as string) as memberid,key,run_id,uachangedatetime,uacreatedatetime,load_timestamp as uah_timestamp,record_status,'CRS' as source_cd FROM RNACIRRUSDB.umauthview_std",
      "cladeny_std" : "SELECT adjustmentreasoncode, denyreasoncode, remittanceadviceremarkcode, claimlineadjudicationid, key, cdcreatedatetime,cdchangedatetime,run_id,load_timestamp as uah_timestamp, record_status,'CRS' as source_cd FROM RNACIRRUSDB.cladeny_std",
      "dofrsched_view" : "SELECT dofrschedversionid, dofrschedid, key, run_id, load_timestamp as uah_timestamp, createdatetime,changedatetime, record_status, 'CRS' as source_cd FROM RNACIRRUSDB.dofrsched_view ",
      "cladofr_view" : "SELECT dofrschedversionid, claimlineadjudicationid, dofrschedid, key, createdatetime, changedatetime,load_timestamp as uah_timestamp, record_status, run_id, 'CRS' as source_cd FROM RNACIRRUSDB.cladofr_view ",
      "clabenefitprovider_std": "SELECT networktiernum, networkid, claimlineadjudicationid, key, run_id, load_timestamp as uah_timestamp, createdatetime, changedatetime, record_status, 'CRS' as source_cd FROM RNACIRRUSDB.clabenefitprovider_std",
      "claimpricinginputdetailview_std": "SELECT benefitbundleoptionid,cpihclaimid,providerparstatustype,key,cpihcreatedatetime, cpihchangedatetime,run_id,load_timestamp as uah_timestamp,record_status,'CRS' as source_cd FROM RNACIRRUSDB.claimpricinginputdetailview_std",
      "claimpricingoutputdetailview_std": "select vendorid,claimlinenum,cpohclaimid,key,run_id,load_timestamp as uah_timestamp,record_status,'CRS' as source_cd FROM RNACIRRUSDB.claimpricingoutputdetailview_std",
      "aptransactiondetailview_std": "SELECT distinct aptransactiondetailid, ataptransactionid, claimid, key, run_id, atdchangedatetime, record_status, load_timestamp as uah_timestamp, \"CRS\" as source_cd FROM RNACIRRUSDB.aptransactiondetailview_std",
      "apgenerationresponseview_std": "SELECT aptransactionid,paymentdate,payacctdate,CAST(paymentamt as double) as paymentamt,key,run_id,apgrcreatedatetime,apgrchangedatetime,record_status,load_timestamp as uah_timestamp, 'CRS' as source_cd FROM RNACIRRUSDB.apgenerationresponseview_std",
      "claimevent_std": "SELECT originalreceiptdate,claimid,key,run_id,record_status,load_timestamp as uah_timestamp,createdatetime, changedatetime, 'CRS' as source_cd FROM RNACIRRUSDB.claimEvent_std",
	  "aptransactionattribsetglstring_view": "select distinct aptransactiondetailid, generalLedgerString, validfrom, validthru, key, run_id, load_timestamp as uah_timestamp, record_status, changedatetime, \"CRS\" as source_cd from RNACIRRUSDB.aptransactionattribsetglstring_view"
      
    },
    "mergeLayerLegacy": {
      "employee": "SELECT DISTINCT membermemberid,namefirst,namelast,key as key,load_timestamp as uah_timestamp,record_status,\"CRS\" as source_cd_cd FROM uhc_pfv_dev.memberbenefit_std",
      "claimlineinst_std_leg": "SELECT DISTINCT cast(a.admit_dt as STRING) as admissiondate,a.mdc as drgcode,b.cpt_modifier as modifier1,cast(b.dos as STRING) as dateofservicefrom,a.dsch_st as patientstatuscode,b.proc_code as procedurecode,b.req_amt as billedamt,a.claim_code as claimid,'NULL' as key,FROM_UNIXTIME(UNIX_TIMESTAMP(), 'yyyy-MM-dd HH:mm:ss') as uah_timestamp,'active' as record_status,\"PUL\" as source_cd FROM uah_cdw_prod.uah_cdw_dss_i_claims a join uah_cdw_prod.uah_cdw_dss_i_claim_details b on a.claim_code = b.claim_code",
      "claimlineprof_std_leg": "SELECT  DISTINCT claim_code as claimid,'NULL' as key,FROM_UNIXTIME(UNIX_TIMESTAMP(),'yyyy-MM-dd HH:mm:ss') as uah_timestamp,'active' as record_status,\"PUL\" as source_cd FROM uah_cdw_prod.uah_cdw_dss_i_claims",
      "claimheader_std_leg": "SELECT DISTINCT a.claim_type as claimtype,a.mem_code as memberid,CAST(null as String) as clearinghouseclaimid,b.place_code as poscode,a.claim_code as chclaimid,CAST(b.dos as String) as dateofservicestart,'NULL' as key,FROM_UNIXTIME(UNIX_TIMESTAMP(), 'yyyy-MM-dd HH:mm:ss') as uah_timestamp,'active' as record_status,\"PUL\" as source_cd FROM uah_cdw_prod.uah_cdw_dss_i_claims a JOIN uah_cdw_prod.uah_cdw_dss_i_claim_details b on a.claim_code = b.claim_code"

    }
  }
}
