{
  "benefits": {
    "mergeLayerCirrus": {
      "benecodeadj_std": "select distinct benefitcode, benefitcodedesc, benefitplanversionid, carriercoinspct, copayment, tiernumber, codelevel, version, key, run_id,load_timestamp as uah_timestamp,record_status,\"CRS\" as source_cd from RNACIRRUSDB.benecodeadj_std where record_status = 'active'",
      "benefitbundleplan_std": "select distinct benefitbundlename, benefitbundleid, benefitbundleoptionid, benefitbundlelongdesc, benefitbundleplanid, serviceareaid, ucrpercentile,CAST(cmspct as double) as cmspct,oonpricingschedid,carrierlobplanid,planid,key,run_id,changedatetime,load_timestamp as uah_timestamp,record_status,'CRS' as source_cd from RNACIRRUSDB.benefitbundleplan_std where record_status = 'active'",
      "benefitbundleplanproduct_std": "select distinct memgroupid as uah_memgroupid, memgroupid as source_memgroupid, benefitbundleplanid, benefitplanversionid,benefitbundleoptionid,benefitbundleid,benefitbundleplanplanid,benplaneffdate,carrierlobplanid,productid,benplanstatus,planversion,productversionid, key, run_id, load_timestamp as uah_timestamp,record_status,'CRS' as source_cd from RNACIRRUSDB.benefitbundleplanproduct_std where record_status = 'active'",
      "beneplansettings_std": "select distinct benefitplanversionid, memgroupid as uah_memgroupid, memgroupid as source_memgroupid, planid,ehbind, fundingsource, benplaneffdate, familyunitscheduleid, benplanexpdate, plantype, planname,benefitType,key, run_id,changedatetime, load_timestamp as uah_timestamp, record_status,'CRS' as source_cd from RNACIRRUSDB.beneplansettings_std where record_status = 'active'",
      "productbenefitandtype_std": "select distinct productname, productid, gatedind, productproductversionid, key, run_id, load_timestamp as uah_timestamp, changedatetime, record_status, 'CRS' as source_cd from RNACIRRUSDB.productbenefitandtype_std where record_status = 'active'",
      "carrierlobplanview_std": "select distinct planid, carriername, carrierid, lobname, carrierlobplanid, key,run_id,changedatetime,load_timestamp as uah_timestamp,record_status,'CRS' as source_cd from RNACIRRUSDB.carrierlobplanview_std where record_status = 'active'",
      "benetiernetworkandprov_std": "select distinct networkscheduleid, benetiernetworkid, tiernumber as tier_type,benetierbenefitplanversionid as benetierbenefitplanversionid, parstatustype,parstatustypedesc,providerassignmenttype, key,run_id, load_timestamp as uah_timestamp,'CRS' as source_cd, record_status as record_status from RNACIRRUSDB.benetiernetworkandprov_std where record_status = 'active'",
      "benedeductibleperiod_view": "select distinct cast(individualdeductible as double) as individualdeductible, benefitplanversionid, cast(familydeductibleamt as double) as familydeductibleamt,key,run_id,load_timestamp as uah_timestamp,record_status,'CRS' as source_cd FROM RNACIRRUSDB.benedeductibleperiod_view where record_status = 'active'",
      "benetier_view": "select distinct benefitplanversionid,parstatustype,key,run_id,load_timestamp as uah_timestamp,record_status,'CRS' as source_cd FROM RNACIRRUSDB.benetier_view where record_status = 'active'",
      "benemax_std": "select distinct indivdollarmax, indivoccurmax, benemaxbenefitplanversionid, benemaxid, maximumdt, key, run_id, load_timestamp as uah_timestamp,record_status,'CRS' as source_cd FROM RNACIRRUSDB.benemax_std where record_status = 'active'",
      "benestoplossoop_std": "select distinct individualoop, benefitplanversionid, oopdeductibleind, oopcopayind, oopcoinsind, familyoopamt,key,run_id,load_timestamp as uah_timestamp,record_status,'CRS' as source_cd FROM RNACIRRUSDB.benestoplossoop_std where record_status = 'active'",
      "accumdeductindivplanview_std": "select distinct cast(dedgoalamt as double) as dedgoalamt,memberbenefitid,key,run_id,load_timestamp as uah_timestamp,record_status,'CRS' as source_cd FROM RNACIRRUSDB.accumdeductindivplanview_std where record_status = 'active'",
      "billingsched_view" : "select distinct familyunitscheduleid,billingschedid,updateversion,key,run_id,load_timestamp as uah_timestamp,record_status,'CRS' as source_cd from RNACIRRUSDB.billingsched_view where record_status = 'active'",
      "memgroupcontractplanyrbillrt_view" : "select distinct billingschedid,memgroupcontractplanoptionid, memgroupid as uah_memgroupid, memgroupid as source_memgroupid,memgroupcontractid, deleteind,memgroupcontractplanyrbillrtid,billingassignusetype,effectivedate,expirationdate,key,run_id,load_timestamp as uah_timestamp,record_status,'CRS' as source_cd from RNACIRRUSDB.memgroupcontractplanyrbillrt_view where record_status = 'active'",
      "benemaxref_view" : "select distinct benefitplanversionid,benemaxid,key,run_id,load_timestamp as uah_timestamp,record_status,'CRS' as source_cd from RNACIRRUSDB.benemaxref_view where record_status = 'active'",
      "benecodeservicetypecode_view": "select distinct benefitplanversionid, benefitcode, tiernumber, codelevel,version,servicetypecode, key, run_id,load_timestamp as uah_timestamp,record_status,'CRS' as source_cd from RNACIRRUSDB.benecodeservicetypecode_view where record_status = 'active'",
	  "memgroupcontractplanyear_view": "select distinct benperiodstartdate,memgroupid as uah_memgroupid, memgroupid as source_memgroupid,memgroupcontractid,memgroupcontractplanoptionid, key, run_id,load_timestamp as uah_timestamp,record_status,'CRS' as source_cd from RNACIRRUSDB.memgroupcontractplanyear_view where record_status = 'active'",
	  "benefitbundleriderplan_std": "select distinct benefitbundleoptionid,participationtype,planid,key, run_id,load_timestamp as uah_timestamp,record_status,'crs' as source_cd  from RNACIRRUSDB.benefitbundleriderplan_std where record_status = 'active'"
    },
    "mergeLayerLegacy": {
      "employee": "select distinct membermemberid,namefirst,namelast,key as key,load_timestamp as uah_timestamp,record_status,\"crs\" as source_cd_cd from memberbenefit_std"
    }
  }
}