{
	"AggregationLayer": {
		"MemberAddress": {

          "memberbenefit": "select DISTINCT trim(uah_memberid) as uah_memberid, trim(uah_memgroupid) as uah_memgroupid , coalesce(benPlanEffDate, '12-31-9999') as benplaneffdate, coalesce(benPlanExpDate, '12-31-9999') as benplanexpdate, trim(productid) as productid,trim(benefittype) as benefittype,  trim(subscriberid) as subscriberid ,trim(memgroupcontractplanoptionid) as memgroupcontractplanoptionid, trim(memgroupcontractoptid) as memgroupcontractoptid from  MERGEDB.memberbenefit_std where trim(deleteind) = '0' and trim(record_status)='active' and source_cd = 'CRS'",
     
          "memberdemographic": "SELECT DISTINCT uah_memberid, uah_memgroupid, memberexternalid, namefirst, namemiddle, namelast, birthdate, gender, address1, address2, city, state, postalcode, phone, addresstype, addresstypedesc ,phonetypedesc, phonetype FROM (SELECT trim(uah_memberid) as uah_memberid, trim(uah_memgroupid) as uah_memgroupid, trim(memberExternalID) as memberexternalid, trim(namefirst) as namefirst, trim(namemiddle) as namemiddle, trim(namelast) as namelast, birthdate as birthdate, gender as gender, address1 as address1, address2 as address2, city, state, postalCode as postalcode, phone as phone,addresstype as addresstype,addresstypedesc as addresstypedesc ,phonetypedesc,phonetype, memberaddresseffectivedate, memberaddressexpirationdate,Row_Number() OVER (PARTITION BY uah_memberid, source_cd ORDER BY uah_timestamp DESC,run_id DESC ) AS RANK FROM MERGEDB.memberdemographic_std WHERE trim(logicaldeleteind) = '0' AND (externalidtype = 'SY' AND preferredind = '1') OR (externalidtype IS NULL  AND preferredind IS NULL) AND trim(record_status) ='active' AND source_cd = 'CRS') demo WHERE demo.memberaddresseffectivedate <= CURRENT_DATE AND demo.memberaddressexpirationdate >= CURRENT_DATE AND RANK = 1",
     
          "subsaffiliation": "select DISTINCT trim(uah_memberid) as uah_memberid, trim(memgroupid) as uah_memgroupid, trim(relationshipcode) as relationshipcode, trim(relationshipcodedesc) as relationshipcodedesc, coalesce(effectivedate, '12-31-9999') as effectivedate, coalesce(expirationdate, '12-31-9999') as expirationdate from MERGEDB.subsaffiliation_std where trim(logicaldeleteind) = '0' and source_cd = 'CRS' and trim(record_status) = 'active' AND effectivedate <= CURRENT_DATE AND expirationdate >= CURRENT_DATE",

          "memberbenefitcovlevelcode": "select DISTINCT trim(covlevelcode) as covlevelcode,trim(covlevelcodedesc)  as covlevelcodedesc,cast(effectivedate as DATE),cast(expirationdate as DATE),trim(uah_memberid) as uah_memberid from MERGEDB.memberbenefitcovlevelcode_std where trim(memberbenefitdeleteind) = '0' AND trim(memberbenefitcovlevelcodedeleteind) = '0' AND source_cd = 'CRS' and trim(record_status) = 'active' AND effectivedate <= CURRENT_DATE AND expirationdate >= CURRENT_DATE",
		  
	      "membenefitcoveffdate": "select DISTINCT uah_memberid, covlevelcode, covlevelcodedesc FROM(select uah_memberid, covlevelcode, covlevelcodedesc, ROW_NUMBER() OVER (PARTITION BY uah_memberid ORDER BY effectivedate desc) AS effdaterank FROM benefitcoverage) mbclc WHERE mbclc.effdaterank=1",
     
          "billingsched": "SELECT DISTINCT trim(a.familyunitscheduleid) as familyunitscheduleid, trim(b.uah_memgroupid) as uah_memgroupid,trim(b.memgroupcontractplanyrbillrtid) as memgroupcontractplanyrbillrtid,trim(b.billingassignusetype) as billingassignusetype,a.record_status  FROM MERGEDB.billingsched_view a JOIN MERGEDB.memgroupcontractplanyrbillrt_view b on a.billingschedid = b.billingschedid WHERE a.source_cd = 'CRS' and trim(a.record_status) = 'active' and trim(b.deleteind) = '0' AND effectivedate <= CURRENT_DATE AND expirationdate >= CURRENT_DATE",

          "memgroupcontractplanoptextview": "select DISTINCT trim(memgroupcontractplanoptionid) as memgroupcontractplanoptionid,trim(memgroupcontractoptid) as memgroupcontractoptid , trim(uah_memgroupid) as uah_memgroupid, trim(extiddescription) as extiddescription from MERGEDB.memgroupcontractplanoptextview_std where trim(mgcpoextiddeleteind)= '0' AND trim(mgcpodeleteind) = '0' AND source_cd = 'CRS' AND trim(record_status) = 'active' AND trim(originalsourcesystemtype) = 'PUL'",
   
          "memgroupcontractview": "select DISTINCT trim(uah_memgroupgid) as uah_memgroupid, trim(memGroupName) as memgroupname,trim(uah_memgroupcontractgcid) as uah_memgroupcontractgcid from MERGEDB.memgroupcontractview_std where  source_cd = 'CRS' and trim(record_status) = 'active'",
   
          "memgroupcontractplanoptionview": "select DISTINCT trim(memgroupcontractplanoptionid) as memgroupcontractplanoptionid,trim(memgroupcontractoptid) as memgroupcontractoptid ,trim(planoptiondescription) as planoptiondescription, coalesce(memgroupcontractoptexpirationdate, '12-31-9999')  as memgroupcontractoptexpirationdate, trim(uah_memgroupid) as uah_memgroupid from MERGEDB.memgroupcontractplanoptionview_std where  trim(memgroupcontractplanoptiondeleteind) = '0' and trim(memgroupcontractoptdeleteind) = '0' and source_cd = 'CRS' and trim(record_status) = 'active'",
   
          "memgroupcontractplanattrsetvw": "select DISTINCT trim(uah_memgroupid) as uah_memgroupid from MERGEDB.memgroupcontractplanattrsetvw_std where trim(mgcpopinvalidind) = '0' and trim(mgcpattribsetinvalidind) = '0' and source_cd = 'CRS' and trim(record_status) = 'active'"
    
		}
	}
}